COLOR,W1,W2,W3,W4,W5,version
B,500.0004037109066,249.99929556798648,50000000.0,199.99923005056735,199.99923005056735,1
R,497.4152494305085,254.1997154733306,49999997.93109274,208.86486708669827,208.86486708669827,1
G,497.70618453902296,254.79597222344623,49999999.5588245,205.2731967985268,205.2731967985268,1
B,500.0005611262537,249.99898073632875,50000000.0,199.99889612790696,199.99889612790696,2
R,496.3829222176876,256.7504184632525,49999997.33991724,210.41497252308045,210.41497252308045,2
G,496.3053507307161,257.01175067145783,49999998.59456915,209.8376066675726,209.8376066675726,2
B,500.00077985313567,249.99867690501517,50000000.0,199.99853447313117,199.99853447313117,3
R,495.49306768816103,260.5851206862017,49999997.33991724,212.5181202956955,212.5181202956955,3
G,495.0539814536466,260.21414957477725,49999998.10445579,213.49993287080204,213.49993287080204,3
B,499.5781416066592,249.4690950519671,50000000.0,200.05787812838744,200.05787812838744,4
R,494.78523474768366,262.49401537401457,49999996.52554101,214.9892788847244,214.9892788847244,4
G,493.84783017261213,261.55747375082825,49999996.76143906,218.20993221756058,218.20993221756058,4
R,494.78523386030434,262.49339326152324,49999996.52554101,214.98840539824542,214.98840539824542,5
G,492.50729846783713,262.82037391694433,49999995.83144021,221.55034038744975,221.55034038744975,5
B,498.59834220674674,250.98849627073002,49999998.56236144,203.6134652014356,203.6134652014356,5
G,492.50755635974434,262.82008968686904,49999995.83144021,221.54995913280555,221.54995913280555,6
R,494.2769755243886,265.0347976828296,49999996.52554101,217.57910532015663,217.57910532015663,6
B,497.43824843250155,252.87808597580457,49999997.07790673,207.57911064079656,207.57911064079656,6
R,493.98248853190796,265.48054920789565,49999996.06357382,218.76443878731163,218.76443878731163,7
G,491.984227413862,263.026494254502,49999995.35584939,222.95033507828185,222.95033507828185,7
B,497.4345400990736,253.60374513028526,49999996.74537561,207.6072981038739,207.6072981038739,7
R,493.98248853190796,265.48054920789565,49999996.06357382,218.76443878731163,218.76443878731163,8
G,491.984227413862,263.026494254502,49999995.35584939,222.95033507828185,222.95033507828185,8
B,497.4345400990736,253.60374513028526,49999996.74537561,207.6072981038739,207.6072981038739,8
R,493.98248853190796,265.48054920789565,49999996.06357382,218.76443878731163,218.76443878731163,9
G,491.984227413862,263.026494254502,49999995.35584939,222.95033507828185,222.95033507828185,9
B,497.4345400990736,253.60374513028526,49999996.74537561,207.6072981038739,207.6072981038739,9
R,493.98248853190796,265.48054920789565,49999996.06357382,218.76443878731163,218.76443878731163,10
G,491.984227413862,263.026494254502,49999995.35584939,222.95033507828185,222.95033507828185,10
B,497.4345400990736,253.60374513028526,49999996.74537561,207.6072981038739,207.6072981038739,10
R,493.98248853190796,265.48054920789565,49999996.06357382,218.76443878731163,218.76443878731163,11
G,491.984227413862,263.026494254502,49999995.35584939,222.95033507828185,222.95033507828185,11
B,497.4345400990736,253.60374513028526,49999996.74537561,207.6072981038739,207.6072981038739,11
R,493.98248853190796,265.48054920789565,49999996.06357382,218.76443878731163,218.76443878731163,12
G,491.984227413862,263.026494254502,49999995.35584939,222.95033507828185,222.95033507828185,12
B,497.4345400990736,253.60374513028526,49999996.74537561,207.6072981038739,207.6072981038739,12
R,493.98248853190796,265.48054920789565,49999996.06357382,218.76443878731163,218.76443878731163,13
G,491.984227413862,263.026494254502,49999995.35584939,222.95033507828185,222.95033507828185,13
B,497.4345400990736,253.60374513028526,49999996.74537561,207.6072981038739,207.6072981038739,13
R,493.98248853190796,265.48054920789565,49999996.06357382,218.76443878731163,218.76443878731163,14
G,491.984227413862,263.026494254502,49999995.35584939,222.95033507828185,222.95033507828185,14
B,497.4345400990736,253.60374513028526,49999996.74537561,207.6072981038739,207.6072981038739,14
R,493.3183606039505,266.796457091208,49999996.06357382,219.80223418925186,219.80223418925186,15
G,491.3695087031152,264.21245320682704,49999995.35584939,224.09827658674143,224.09827658674143,15
B,496.62438550881654,254.7653864913765,49999996.74537561,208.6063309573096,208.6063309573096,15
R,492.33842512313805,267.53366791412293,49999996.06357382,220.7913338850312,220.7913338850312,16
G,490.6843884514329,265.3616816842812,49999995.35584939,225.83248621141655,225.83248621141655,16
B,496.44529596477713,256.4200008070813,49999996.58032376,210.67578913110276,210.67578913110276,16
R,491.358492697344,268.27077674736336,49999996.06357382,221.78023602518445,221.78023602518445,17
G,489.99926764829974,266.51091097347046,49999995.35584939,227.56669711834937,227.56669711834937,17
B,496.2662057064032,258.07461655145505,49999996.41527192,212.7452486962944,212.7452486962944,17
G,489.74494044931015,266.13864538129445,49999995.35584939,227.24678018013057,227.24678018013057,18
R,490.0540357618873,270.5284525359629,49999995.73507382,224.48966980882244,224.48966980882244,18
B,495.699655488492,260.91000078882166,49999995.42051533,215.42233333093216,215.42233333093216,18
B,495.6998074469962,260.9096968734147,49999995.42051533,215.42202896235352,215.42202896235352,19
R,488.56817484232727,273.2370988865073,49999995.73507382,228.39732260216118,228.39732260216118,19
G,488.31065549293413,268.81883877698,49999994.45585105,231.21743805034745,231.21743805034745,19
R,488.571923591612,273.12317527283096,49999995.73507382,228.1767456676337,228.1767456676337,20
G,487.34358693872497,272.4166439202961,49999994.45585105,232.89620288289746,232.89620288289746,20
B,495.1577257326709,264.9283651871404,49999994.92053143,217.8672742951101,217.8672742951101,20
B,495.15790829657027,264.92802329780625,49999994.92053143,217.86696179277058,217.86696179277058,21
R,486.1345129216208,275.6891002778732,49999995.48007382,229.92569805325238,229.92569805325238,21
G,485.3610447163271,275.49771084362914,49999994.45585105,237.06220027964787,237.06220027964787,21
B,495.1581075416955,264.92768174060643,49999994.92053143,217.86659754960826,217.86659754960826,22
R,484.3463276166317,277.78603126088507,49999995.00025062,235.61059839433742,235.61059839433742,22
G,483.70229127013647,277.7236900405556,49999993.95666526,240.60679420310692,240.60679420310692,22
B,495.158330591661,264.92736435721326,49999994.92053143,217.86623924643303,217.86623924643303,23
R,483.5344977020301,280.7803481069824,49999994.51013726,238.53699408197033,238.53699408197033,23
G,481.63492498499414,279.55145264651344,49999993.62816525,243.2542753016877,243.2542753016877,23
G,481.63512568143784,279.5511729892838,49999993.62816525,243.25395915752597,243.25395915752597,24
R,481.32145741543746,282.4087727612534,49999993.79631441,240.19091314242263,240.19091314242263,24
B,494.59830493855975,268.3314984684016,49999994.42110138,220.30019601347058,220.30019601347058,24
B,494.5985013390314,268.3311548024505,49999994.42110138,220.29981769808623,220.29981769808623,25
R,480.2252821415215,285.03115593683566,49999992.88519386,243.13552390124718,243.13552390124718,25
G,479.4808408035936,281.0430873116087,49999993.47816525,245.40539553809586,245.40539553809586,25
R,480.225470950504,285.03075792921663,49999992.88519386,243.13524000602243,243.13524000602243,26
G,477.43152578280296,283.5156988231485,49999993.47816525,249.77844542651943,249.77844542651943,26
B,493.73056564765307,271.97991583590493,49999993.92167132,223.1897674461211,223.1897674461211,26
R,479.75031986404815,285.7583799425703,49999992.72525279,244.45497746604912,244.45497746604912,27
G,476.52117656303085,283.9640652446458,49999993.325224295,251.16761701142784,251.16761701142784,27
B,493.0471004724826,272.5001683941593,49999993.4388343,224.50594876509743,224.50594876509743,27
B,493.047296170169,272.4998257165389,49999993.4388343,224.50557089142762,224.50557089142762,28
R,478.12929910129037,287.08624367611196,49999991.40897176,248.6112189488897,248.6112189488897,28
G,475.33298105453764,285.777144940343,49999992.88404881,254.08056017899125,254.08056017899125,28
B,493.0474461362381,272.4995257841541,49999993.4388343,224.5052613324057,224.5052613324057,29
R,477.4534101180666,290.4114167944347,49999990.53890839,252.04798128364465,252.04798128364465,29
G,473.35246006554405,287.54783680460105,49999992.88404881,257.2769721742614,257.2769721742614,29
R,476.7891493274314,291.7399383757052,49999990.53890839,253.65090900625145,253.65090900625145,30
G,472.53047191031686,288.7186987903467,49999992.88404881,259.04226807565675,259.04226807565675,30
B,492.3831760502157,273.828065956199,49999993.4388343,225.82673554624859,225.82673554624859,30
R,476.7893913607162,291.73960735606187,49999990.53890839,253.6504143651781,253.6504143651781,31
G,471.9354876922017,292.45924605570286,49999992.39817257,261.66156783185016,261.66156783185016,31
B,490.72522159033883,276.88793748567014,49999993.11033429,228.8648300296542,228.8648300296542,31
G,471.9356593796498,292.4589125503628,49999992.39817257,261.6611462494459,261.6611462494459,32
R,475.1870389014586,294.05355914936,49999989.6431202,255.4380570695113,255.4380570695113,32
B,488.6491332879131,279.3607162514562,49999992.96033429,230.9055034753374,230.9055034753374,32
R,474.5227785133818,295.38207992551355,49999989.6431202,257.0409828577589,257.0409828577589,33
G,471.11367149447716,293.6297748193229,49999992.39817257,263.4264420824754,263.4264420824754,33
B,487.98486333620315,280.68925615487615,49999992.96033429,232.22697600192143,232.22697600192143,33
G,471.1138878113932,293.62948698889164,49999992.39817257,263.42608559207093,263.42608559207093,34
R,473.62591054947995,299.22252822228074,49999989.6431202,259.32197512311217,259.32197512311217,34
B,486.5850141961917,284.01250270828257,49999992.5443693,236.74259260534168,236.74259260534168,34
R,472.9616512118493,300.55104689754205,49999989.6431202,260.9248779738863,260.9248779738863,35
G,470.29189955490966,294.80035006267934,49999992.39817257,265.1913825165376,265.1913825165376,35
B,485.9207427405989,285.3410456194681,49999992.5443693,238.0640676311591,238.0640676311591,35
G,470.0374685353466,294.4279598941144,49999992.39817257,264.8713888993764,264.8713888993764,36
R,471.81364705689384,304.4887114357794,49999989.6431202,263.913951550944,263.913951550944,36
B,483.4898268923243,287.096395866225,49999991.51926376,241.34579913293098,241.34579913293098,36
G,470.03763126672027,294.42765091207264,49999992.39817257,264.87104527246373,264.87104527246373,37
R,471.66838389402017,307.2966688051019,49999988.74312186,264.8185726820019,264.8185726820019,37
B,482.8806947496379,289.5086826506554,49999990.52749933,244.21676187985364,244.21676187985364,37
R,471.00412680909585,308.6251829749503,49999988.74312186,266.42148704270113,266.42148704270113,38
G,469.2156427584967,295.5985146067348,49999992.39817257,266.6363430171254,266.6363430171254,38
B,482.21642145325086,290.8372292434295,49999990.52749933,245.53823993132428,245.53823993132428,38
G,469.215804335364,295.598206000115,49999992.39817257,266.63599756690223,266.63599756690223,39
R,470.8589206448092,311.43313401146617,49999987.84312351,267.33017712624286,267.33017712624286,39
B,481.6072883219426,293.2495177149216,49999989.53573489,248.4092044959184,248.4092044959184,39
R,470.19466407711167,312.7616471468611,49999987.84312351,268.93306899972083,268.93306899972083,40
G,468.393815461892,296.7690704902115,49999992.39817257,268.4012963896435,268.4012963896435,40
B,480.9430141682747,294.5780660222575,49999989.53573489,249.73068382094147,249.73068382094147,40
R,470.19491278187996,312.7613027905257,49999987.84312351,268.9325462997132,268.9325462997132,41
G,467.4392521379119,300.2561272862899,49999992.39817257,269.726554983582,269.726554983582,41
B,479.9378700519019,297.56493101821115,49999988.37169054,250.5149277365954,250.5149277365954,41
B,479.9380174690819,297.5646361820042,49999988.37169054,250.514611377332,250.514611377332,42
R,467.6727892228837,314.7956121025468,49999987.84312351,272.26070333520244,272.26070333520244,42
G,465.76267951877196,303.2060206930372,49999992.14317257,273.5055626280371,273.5055626280371,42
R,467.6730925781025,314.79534746439333,49999987.84312351,272.2602296323121,272.2602296323121,43
G,464.76135868350167,306.37548468662675,49999991.50729633,276.81336813446256,276.81336813446256,43
B,479.04478792858026,300.7218000166696,49999987.87653499,250.310069565537,250.310069565537,43
R,467.00883515718107,316.123862306236,49999987.84312351,273.8631217493616,273.8631217493616,44
G,463.93937058128137,307.54634978514287,49999991.50729633,278.57866667168486,278.57866667168486,44
B,478.38051761470666,302.0503406444168,49999987.87653499,251.63153876043052,251.63153876043052,44
B,478.38066661583883,302.0500426403053,49999987.87653499,251.6312186382005,251.6312186382005,45
R,464.4867057411006,318.1581650583448,49999987.84312351,277.19129153382187,277.19129153382187,45
G,462.262798725352,310.49624574615467,49999991.25229634,282.35768941641317,282.35768941641317,45
G,462.26299589610534,310.4959645904443,49999991.25229634,282.3572907383909,282.3572907383909,46
R,461.62200159806395,320.61966555165515,49999987.84312351,280.10870004552675,280.10870004552675,46
B,477.18926427159516,306.35193109898375,49999987.87653499,255.1284785877348,255.1284785877348,46
R,461.62222063617935,320.6192979925764,49999987.84312351,280.1081768880049,280.1081768880049,47
G,461.73477032857664,313.14111406194644,49999990.10880244,284.49412918037183,284.49412918037183,47
B,475.8331944977228,308.2305815965019,49999986.9255358,257.8895930097255,257.8895930097255,47
R,460.9579626125954,321.9478140397443,49999987.84312351,281.71106712250787,281.71106712250787,48
G,460.9127817283026,314.311981098197,49999990.10880244,286.2594299350987,286.2594299350987,48
B,475.16892336415816,309.559123863631,49999986.9255358,259.21106259459174,259.21106259459174,48
B,475.169122070296,309.55879232028036,49999986.9255358,259.21075156065535,259.21075156065535,49
R,460.4707685262706,324.70866153337914,49999987.3454973,284.30664597241434,284.30664597241434,49
G,460.78510893501067,317.4492156207882,49999989.11600236,286.99790892174616,286.99790892174616,49
R,460.4444242839656,324.65819210951395,49999987.3454973,284.479722342332,284.479722342332,50
G,459.8833793442282,318.2036778315353,49999987.67621101,291.8696566089658,291.8696566089658,50
B,475.1399989604656,311.18360673689494,49999985.43097471,259.40139052693183,259.40139052693183,50
B,475.1404059377513,311.1831479161251,49999985.43097471,259.2204247878656,259.2204247878656,51
R,460.442192218857,327.6206160086808,49999986.84666045,284.48334838419487,284.48334838419487,51
G,458.76791920834665,320.03714749136964,49999986.21311882,297.1967908946753,297.1967908946753,51
R,460.44243995743614,327.62027164119763,49999986.84666045,284.4827911530488,284.4827911530488,52
G,457.89900726249374,323.78557464352167,49999985.46865382,300.83477875344767,300.83477875344767,52
B,473.32684617092576,314.41859648425077,49999985.43097471,263.20074294252083,263.20074294252083,52
G,457.6445373149208,323.4131533532862,49999985.46865382,300.51477123437263,300.51477123437263,53
R,459.32230795033433,330.3901781658192,49999986.84666045,286.56881206165133,286.56881206165133,53
B,471.62273754923234,315.7618132363174,49999983.96173964,267.4901514441072,267.4901514441072,53
R,459.3225560546108,330.3898313062862,49999986.84666045,286.56830699186673,286.56830699186673,54
G,456.6391276179113,324.9038975179515,49999984.10798974,304.9913110762556,304.9913110762556,54
B,470.32635969455526,316.9163346458403,49999983.02309359,270.36587126456084,270.36587126456084,54
G,456.639397618753,324.90370862928296,49999984.10798974,304.99090164693195,304.99090164693195,55
R,459.32196744881793,332.93298030055234,49999985.84712647,286.569895887092,286.569895887092,55
B,469.0532391615516,318.18720626011503,49999982.03301308,274.2566093073532,274.2566093073532,55
R,458.6298541845311,333.2190857390717,49999985.5308144,287.8497265240409,287.8497265240409,56
G,456.0706033935954,325.4579618814604,49999983.82227624,306.4868822477178,306.4868822477178,56
B,468.4641934060237,318.5221085835912,49999981.57534067,274.3048143499202,274.3048143499202,56
R,458.6298541845311,333.2190857390717,49999985.5308144,287.8497265240409,287.8497265240409,57
G,456.0706033935954,325.4579618814604,49999983.82227624,306.4868822477178,306.4868822477178,57
B,468.4641934060237,318.5221085835912,49999981.57534067,274.3048143499202,274.3048143499202,57
R,458.6298541845311,333.2190857390717,49999985.5308144,287.8497265240409,287.8497265240409,58
G,456.0706033935954,325.4579618814604,49999983.82227624,306.4868822477178,306.4868822477178,58
B,468.4641934060237,318.5221085835912,49999981.57534067,274.3048143499202,274.3048143499202,58
R,458.6298541845311,333.2190857390717,49999985.5308144,287.8497265240409,287.8497265240409,59
G,456.0706033935954,325.4579618814604,49999983.82227624,306.4868822477178,306.4868822477178,59
B,468.4641934060237,318.5221085835912,49999981.57534067,274.3048143499202,274.3048143499202,59
R,458.6298541845311,333.2190857390717,49999985.5308144,287.8497265240409,287.8497265240409,60
G,456.0706033935954,325.4579618814604,49999983.82227624,306.4868822477178,306.4868822477178,60
B,468.4641934060237,318.5221085835912,49999981.57534067,274.3048143499202,274.3048143499202,60
R,458.6298541845311,333.2190857390717,49999985.5308144,287.8497265240409,287.8497265240409,61
G,456.0706033935954,325.4579618814604,49999983.82227624,306.4868822477178,306.4868822477178,61
B,468.4641934060237,318.5221085835912,49999981.57534067,274.3048143499202,274.3048143499202,61
R,458.6298541845311,333.2190857390717,49999985.5308144,287.8497265240409,287.8497265240409,62
G,456.0706033935954,325.4579618814604,49999983.82227624,306.4868822477178,306.4868822477178,62
B,468.4641934060237,318.5221085835912,49999981.57534067,274.3048143499202,274.3048143499202,62
R,458.6298541845311,333.2190857390717,49999985.5308144,287.8497265240409,287.8497265240409,63
G,456.0706033935954,325.4579618814604,49999983.82227624,306.4868822477178,306.4868822477178,63
B,468.4641934060237,318.5221085835912,49999981.57534067,274.3048143499202,274.3048143499202,63
R,458.6298541845311,333.2190857390717,49999985.5308144,287.8497265240409,287.8497265240409,64
G,456.0706033935954,325.4579618814604,49999983.82227624,306.4868822477178,306.4868822477178,64
B,468.4641934060237,318.5221085835912,49999981.57534067,274.3048143499202,274.3048143499202,64
R,457.70233548535117,334.1849392296003,49999985.5308144,289.9810402042512,289.9810402042512,65
G,455.09464277921785,325.83095928353384,49999983.57412124,307.9582316106718,307.9582316106718,65
B,467.97720573459867,319.4565765487787,49999981.24592904,275.3702859635976,275.3702859635976,65
R,457.70233548535117,334.1849392296003,49999985.5308144,289.9810402042512,289.9810402042512,66
G,455.09464277921785,325.83095928353384,49999983.57412124,307.9582316106718,307.9582316106718,66
B,467.97720573459867,319.4565765487787,49999981.24592904,275.3702859635976,275.3702859635976,66
R,457.70233548535117,334.1849392296003,49999985.5308144,289.9810402042512,289.9810402042512,67
G,455.09464277921785,325.83095928353384,49999983.57412124,307.9582316106718,307.9582316106718,67
B,467.97720573459867,319.4565765487787,49999981.24592904,275.3702859635976,275.3702859635976,67
R,457.70233548535117,334.1849392296003,49999985.5308144,289.9810402042512,289.9810402042512,68
G,455.09464277921785,325.83095928353384,49999983.57412124,307.9582316106718,307.9582316106718,68
B,467.97720573459867,319.4565765487787,49999981.24592904,275.3702859635976,275.3702859635976,68
R,457.70233548535117,334.1849392296003,49999985.5308144,289.9810402042512,289.9810402042512,69
G,455.09464277921785,325.83095928353384,49999983.57412124,307.9582316106718,307.9582316106718,69
B,467.97720573459867,319.4565765487787,49999981.24592904,275.3702859635976,275.3702859635976,69
R,457.70233548535117,334.1849392296003,49999985.5308144,289.9810402042512,289.9810402042512,70
G,455.09464277921785,325.83095928353384,49999983.57412124,307.9582316106718,307.9582316106718,70
B,467.97720573459867,319.4565765487787,49999981.24592904,275.3702859635976,275.3702859635976,70
R,457.70233548535117,334.1849392296003,49999985.5308144,289.9810402042512,289.9810402042512,71
G,455.09464277921785,325.83095928353384,49999983.57412124,307.9582316106718,307.9582316106718,71
B,467.97720573459867,319.4565765487787,49999981.24592904,275.3702859635976,275.3702859635976,71
R,457.70233548535117,334.1849392296003,49999985.5308144,289.9810402042512,289.9810402042512,72
G,455.09464277921785,325.83095928353384,49999983.57412124,307.9582316106718,307.9582316106718,72
B,467.97720573459867,319.4565765487787,49999981.24592904,275.3702859635976,275.3702859635976,72
R,457.01022137758935,334.47104845704035,49999985.21450234,291.310873390709,291.310873390709,73
G,454.52584857762236,326.3852161965616,49999983.28840774,309.4542165881152,309.4542165881152,73
B,467.3881425109696,319.7914602522996,49999980.78825663,275.41863500889906,275.41863500889906,73
R,457.01022137758935,334.47104845704035,49999985.21450234,291.310873390709,291.310873390709,74
G,454.52584857762236,326.3852161965616,49999983.28840774,309.4542165881152,309.4542165881152,74
B,467.3881425109696,319.7914602522996,49999980.78825663,275.41863500889906,275.41863500889906,74
R,457.01022137758935,334.47104845704035,49999985.21450234,291.310873390709,291.310873390709,75
G,454.52584857762236,326.3852161965616,49999983.28840774,309.4542165881152,309.4542165881152,75
B,467.3881425109696,319.7914602522996,49999980.78825663,275.41863500889906,275.41863500889906,75
R,457.01022137758935,334.47104845704035,49999985.21450234,291.310873390709,291.310873390709,76
G,454.52584857762236,326.3852161965616,49999983.28840774,309.4542165881152,309.4542165881152,76
B,467.3881425109696,319.7914602522996,49999980.78825663,275.41863500889906,275.41863500889906,76
R,457.01022137758935,334.47104845704035,49999985.21450234,291.310873390709,291.310873390709,77
G,454.52584857762236,326.3852161965616,49999983.28840774,309.4542165881152,309.4542165881152,77
B,467.3881425109696,319.7914602522996,49999980.78825663,275.41863500889906,275.41863500889906,77
R,457.01022137758935,334.47104845704035,49999985.21450234,291.310873390709,291.310873390709,78
G,454.52584857762236,326.3852161965616,49999983.28840774,309.4542165881152,309.4542165881152,78
B,467.3881425109696,319.7914602522996,49999980.78825663,275.41863500889906,275.41863500889906,78
R,457.01022137758935,334.47104845704035,49999985.21450234,291.310873390709,291.310873390709,79
G,454.52584857762236,326.3852161965616,49999983.28840774,309.4542165881152,309.4542165881152,79
B,467.3881425109696,319.7914602522996,49999980.78825663,275.41863500889906,275.41863500889906,79
R,457.01022137758935,334.47104845704035,49999985.21450234,291.310873390709,291.310873390709,80
G,454.52584857762236,326.3852161965616,49999983.28840774,309.4542165881152,309.4542165881152,80
B,467.3881425109696,319.7914602522996,49999980.78825663,275.41863500889906,275.41863500889906,80
R,457.01022137758935,334.47104845704035,49999985.21450234,291.310873390709,291.310873390709,81
G,454.52584857762236,326.3852161965616,49999983.28840774,309.4542165881152,309.4542165881152,81
B,467.3881425109696,319.7914602522996,49999980.78825663,275.41863500889906,275.41863500889906,81
R,457.0105293320393,334.47078258093273,49999985.21450234,291.3103625443332,291.3103625443332,82
G,453.52067953655916,329.55087372245674,49999982.6525315,312.7637110839836,312.7637110839836,82
B,466.5886368057805,323.0418365711731,49999980.29310108,275.2319823147662,275.2319823147662,82
G,453.52083905856637,329.55055714305536,49999982.6525315,312.76340222584565,312.76340222584565,83
R,455.00231803608216,336.1092420137549,49999984.71566549,293.31392597335554,293.31392597335554,83
B,465.38312669449334,325.56600759597325,49999979.58465108,278.57707303625483,278.57707303625483,83
B,465.3833213864276,325.56568300491483,49999979.58465108,278.57676970419783,278.57676970419783,84
R,454.4831254388808,339.08234063176576,49999984.22555213,295.72695228078067,295.72695228078067,84
G,452.27783875497147,331.7683476441936,49999981.77374465,317.5760425234326,317.5760425234326,84
R,454.48337388455855,339.081993435726,49999984.22555213,295.72636862668924,295.72636862668924,85
G,451.3356748401923,334.0852070293238,49999981.27455886,319.16814236138833,319.16814236138833,85
B,464.3320642088744,327.6622127046767,49999978.58644958,280.8490769770606,280.8490769770606,85
R,454.4836234201049,339.0816472020735,49999984.22555213,295.7257867708637,295.7257867708637,86
G,450.10244224996717,338.1679782743105,49999981.27455886,322.1513147051764,322.1513147051764,86
B,463.53737844896017,330.71015304547626,49999977.34559809,281.86003118623415,281.86003118623415,86
R,454.4068964431221,338.93478166405185,49999984.22555213,295.62482565575795,295.62482565575795,87
G,448.6879922179927,340.25379240153234,49999980.62794998,324.4550241146765,324.4550241146765,87
B,462.99228068918296,333.65920396347695,49999976.35991734,284.26507977402804,284.26507977402804,87
G,448.6881794725859,340.2535286190307,49999980.62794998,324.45464467164317,324.45464467164317,88
R,453.8195601036037,342.79547969259613,49999983.80958713,298.33612952385084,298.33612952385084,88
B,461.5504006692514,337.18787427733736,49999976.35991734,288.7058949564174,288.7058949564174,88
R,453.1553050485482,344.123989802707,49999983.80958713,299.9390032837709,299.9390032837709,89
G,447.86618212909,341.42441366503976,49999980.62794998,326.2199704496091,326.2199704496091,89
B,460.88612580562284,338.5164240045945,49999976.35991734,290.0273672102103,290.0273672102103,89
R,453.1555555756568,344.12363792056755,49999983.80958713,299.93841411662436,299.93841411662436,90
G,446.6329437156974,345.50718580809615,49999980.62794998,329.20315719407864,329.20315719407864,90
B,460.0914075649734,341.5643297283528,49999975.11906585,291.03855170599303,291.03855170599303,90
G,446.6331312200845,345.50692195028967,49999980.62794998,329.20277653052335,329.20277653052335,91
R,451.72395379350996,346.6652526430409,49999982.98862213,304.0964106994338,304.0964106994338,91
B,458.705068321251,344.544857955449,49999974.86406586,295.47642706732347,295.47642706732347,91
B,458.70522115498716,344.54455229289727,49999974.86406586,295.4761587687912,295.4761587687912,92
R,450.3395852324588,348.677430872996,49999981.7068309,309.1786871988777,309.1786871988777,92
G,445.35059155415087,347.73505708822853,49999980.62794998,332.48387151608944,332.48387151608944,92
R,449.6753258841956,350.0059495695224,49999981.7068309,310.78156932473337,310.78156932473337,93
G,444.52859434898807,348.90594332320296,49999980.62794998,334.2491982849574,334.2491982849574,93
B,458.04094603942,345.87310252403154,49999974.86406586,296.797630105411,296.797630105411,93
G,444.5287899331858,348.9057028161717,49999980.62794998,334.2488572053484,334.2488572053484,94
R,448.8554816898837,352.95276521422545,49999980.95240084,313.5008183675661,313.5008183675661,94
B,457.19957273306517,348.8921816843065,49999974.44810086,297.9980381777468,297.9980381777468,94
G,444.52893180181917,348.90537188893853,49999980.62794998,334.2488621930022,334.2488621930022,95
R,447.9747913331532,355.19325144211535,49999980.45724529,316.34274464632074,316.34274464632074,95
B,455.9878518195064,350.7870042092626,49999973.53329901,299.9306166790731,299.9306166790731,95
B,455.9879950382365,350.78671777082917,49999973.53329901,299.93032949879006,299.93032949879006,96
R,447.7481369080458,356.9062340155812,49999979.1649438,316.8661991402894,316.8661991402894,96
G,443.476036039383,349.5684260379572,49999979.24812843,340.1595307794922,340.1595307794922,96
R,446.756119447692,357.91361936022753,49999979.1649438,318.04309264121105,318.04309264121105,97
G,442.49948120583946,350.591400881729,49999979.24812843,341.0171287741928,341.0171287741928,97
B,455.30967818980264,352.08943833790437,49999973.53329901,300.74684101669436,300.74684101669436,97
R,446.75632366000326,357.91326991924126,49999979.1649438,318.0427791171572,318.0427791171572,98
G,441.36104350138686,353.7801492199684,49999978.37334058,344.1530574515625,344.1530574515625,98
B,454.2909579020177,355.39423216706945,49999973.53329901,303.27641559683036,303.27641559683036,98
R,446.59961591461337,358.5464882553456,49999978.87492268,318.73938011235975,318.73938011235975,99
G,441.0935257912246,354.33394095917015,49999977.92425597,345.896982384749,345.896982384749,99
B,453.39092705926595,355.2859787272232,49999973.06292833,303.9776242219816,303.9776242219816,99
R,446.59961591461337,358.5464882553456,49999978.87492268,318.73938011235975,318.73938011235975,100
G,441.0935257912246,354.33394095917015,49999977.92425597,345.896982384749,345.896982384749,100
B,453.39092705926595,355.2859787272232,49999973.06292833,303.9776242219816,303.9776242219816,100
R,446.59961591461337,358.5464882553456,49999978.87492268,318.73938011235975,318.73938011235975,101
G,441.0935257912246,354.33394095917015,49999977.92425597,345.896982384749,345.896982384749,101
B,453.39092705926595,355.2859787272232,49999973.06292833,303.9776242219816,303.9776242219816,101
R,446.59961591461337,358.5464882553456,49999978.87492268,318.73938011235975,318.73938011235975,102
G,441.0935257912246,354.33394095917015,49999977.92425597,345.896982384749,345.896982384749,102
B,453.39092705926595,355.2859787272232,49999973.06292833,303.9776242219816,303.9776242219816,102
R,446.59961591461337,358.5464882553456,49999978.87492268,318.73938011235975,318.73938011235975,103
G,441.0935257912246,354.33394095917015,49999977.92425597,345.896982384749,345.896982384749,103
B,453.39092705926595,355.2859787272232,49999973.06292833,303.9776242219816,303.9776242219816,103
R,446.59961591461337,358.5464882553456,49999978.87492268,318.73938011235975,318.73938011235975,104
G,441.0935257912246,354.33394095917015,49999977.92425597,345.896982384749,345.896982384749,104
B,453.39092705926595,355.2859787272232,49999973.06292833,303.9776242219816,303.9776242219816,104
R,446.59961591461337,358.5464882553456,49999978.87492268,318.73938011235975,318.73938011235975,105
G,441.0935257912246,354.33394095917015,49999977.92425597,345.896982384749,345.896982384749,105
B,453.39092705926595,355.2859787272232,49999973.06292833,303.9776242219816,303.9776242219816,105
R,446.59961591461337,358.5464882553456,49999978.87492268,318.73938011235975,318.73938011235975,106
G,441.0935257912246,354.33394095917015,49999977.92425597,345.896982384749,345.896982384749,106
B,453.39092705926595,355.2859787272232,49999973.06292833,303.9776242219816,303.9776242219816,106
R,445.60759675346947,359.5538713039517,49999978.87492268,319.77769257446965,319.77769257446965,107
G,440.1269454834337,355.36688860335136,49999977.92425597,346.76510183781267,346.76510183781267,107
B,452.71265927036376,356.5887463595695,49999973.06292833,304.7942458303221,304.7942458303221,107
R,445.6078071947205,359.55349512335283,49999978.87492268,319.7771399315525,319.7771399315525,108
G,438.70593322611916,357.8688978712314,49999976.69391474,351.2347302714519,351.2347302714519,108
B,451.29806209553584,359.2264850925527,49999972.80792832,307.0228876119209,307.0228876119209,108
G,438.70607583620597,357.8686191909781,49999976.69391474,351.234419443139,351.234419443139,109
R,444.4973067712927,361.4472819482562,49999978.30895768,322.30753887035434,322.30753887035434,109
B,450.0041394135106,361.1652129977377,49999971.81616389,310.62362825025815,310.62362825025815,109
G,438.7062572450457,357.868365688729,49999976.69391474,351.2340515852936,351.2340515852936,110
R,443.90996655162246,365.3079853760397,49999977.89299268,325.01884783251353,325.01884783251353,110
B,448.52166897392283,364.62992454357567,49999971.81616389,314.96341580110766,314.96341580110766,110
B,448.5218099553865,364.6296425796749,49999971.81616389,314.96313306702365,314.96313306702365,111
R,443.6833131043017,367.0209589100608,49999976.60069119,325.5423270245471,325.5423270245471,111
G,437.6542813971406,358.528833308418,49999975.31409319,357.1424900838552,357.1424900838552,111
G,437.6544592042114,358.52858490097253,49999975.31409319,357.1421283374111,357.1421283374111,112
R,443.09597478323195,370.88165877749293,49999976.18472619,328.2536310741356,328.2536310741356,112
B,447.03926477799286,368.0942465492621,49999971.81616389,319.3027457621497,319.3027457621497,112
G,437.6546618442675,358.52834965447164,49999975.31409319,357.14190454151594,357.14190454151594,113
R,440.9491583932824,373.2222280973551,49999976.18472619,331.1221921838641,331.1221921838641,113
B,446.5423359406652,371.7153374256378,49999971.31619675,322.2184689331258,322.2184689331258,113
G,437.6548393991588,358.52808334221214,49999975.31409319,357.14160632226685,357.14160632226685,114
R,440.15496044680685,375.9411292452227,49999975.7135502,333.7663131266683,333.7663131266683,114
B,445.99484179431016,374.6931745830809,49999970.33874734,324.68110890960975,324.68110890960975,114
R,440.15527422002015,375.94086033646073,49999975.7135502,333.7656435823086,333.7656435823086,115
G,436.4393323652507,361.654797127035,49999974.83426999,359.9090581523326,359.9090581523326,115
B,445.1921725635666,378.1108494041363,49999969.84566798,324.50985234577746,324.50985234577746,115
R,440.1555233613229,375.94050570969864,49999975.7135502,333.7649117942133,333.7649117942133,116
G,435.20609361744096,365.73758730011264,49999974.83426999,362.8922484274392,362.8922484274392,116
B,444.39740867903464,381.15870018590795,49999968.60481649,325.5212521168106,325.5212521168106,116
B,444.3976037512692,381.1583746051732,49999968.60481649,325.52095098414793,325.52095098414793,117
R,439.5444095623907,378.7820402542893,49999975.22343684,336.05707514062686,336.05707514062686,117
G,433.96308289759116,367.9553939312165,49999973.95548314,367.7049075001543,367.7049075001543,117
G,433.963260435095,367.9551474671353,49999973.95548314,367.7045496617922,367.7045496617922,118
R,437.80171741542097,381.14756589028974,49999974.96843685,339.3511410170342,339.3511410170342,118
B,442.6837418190986,383.91450267936796,49999968.2763165,328.58177207647253,328.58177207647253,118
R,437.8019701991434,381.14720655587547,49999974.96843685,339.35036920372016,339.35036920372016,119
G,432.73001889256346,372.037940736472,49999973.95548314,370.6877482470862,370.6877482470862,119
B,441.8889753367697,386.96234590321785,49999967.035465,329.5931669046042,329.5931669046042,119
R,436.8729508082795,382.11286087301545,49999974.96843685,341.47515929898253,341.47515929898253,120
G,431.85858285079553,372.3456052664463,49999973.70732815,372.2202026134227,372.2202026134227,120
B,441.4019866380555,387.8968159229837,49999966.70605337,330.6586403640321,330.6586403640321,120
R,436.8729508082795,382.11286087301545,49999974.96843685,341.47515929898253,341.47515929898253,121
G,431.85858285079553,372.3456052664463,49999973.70732815,372.2202026134227,372.2202026134227,121
B,441.4019866380555,387.8968159229837,49999966.70605337,330.6586403640321,330.6586403640321,121
R,436.8729508082795,382.11286087301545,49999974.96843685,341.47515929898253,341.47515929898253,122
G,431.85858285079553,372.3456052664463,49999973.70732815,372.2202026134227,372.2202026134227,122
B,441.4019866380555,387.8968159229837,49999966.70605337,330.6586403640321,330.6586403640321,122
R,436.8729508082795,382.11286087301545,49999974.96843685,341.47515929898253,341.47515929898253,123
G,431.85858285079553,372.3456052664463,49999973.70732815,372.2202026134227,372.2202026134227,123
B,441.4019866380555,387.8968159229837,49999966.70605337,330.6586403640321,330.6586403640321,123
R,436.8729508082795,382.11286087301545,49999974.96843685,341.47515929898253,341.47515929898253,124
G,431.85858285079553,372.3456052664463,49999973.70732815,372.2202026134227,372.2202026134227,124
B,441.4019866380555,387.8968159229837,49999966.70605337,330.6586403640321,330.6586403640321,124
R,436.8729508082795,382.11286087301545,49999974.96843685,341.47515929898253,341.47515929898253,125
G,431.85858285079553,372.3456052664463,49999973.70732815,372.2202026134227,372.2202026134227,125
B,441.4019866380555,387.8968159229837,49999966.70605337,330.6586403640321,330.6586403640321,125
R,436.8729508082795,382.11286087301545,49999974.96843685,341.47515929898253,341.47515929898253,126
G,431.85858285079553,372.3456052664463,49999973.70732815,372.2202026134227,372.2202026134227,126
B,441.4019866380555,387.8968159229837,49999966.70605337,330.6586403640321,330.6586403640321,126
R,436.8729508082795,382.11286087301545,49999974.96843685,341.47515929898253,341.47515929898253,127
G,431.85858285079553,372.3456052664463,49999973.70732815,372.2202026134227,372.2202026134227,127
B,441.4019866380555,387.8968159229837,49999966.70605337,330.6586403640321,330.6586403640321,127
B,441.4021278436564,387.8965335106862,49999966.70605337,330.6583317495486,330.6583317495486,128
R,433.91435696753405,383.50805193410883,49999974.96843685,345.05951385497497,345.05951385497497,128
G,430.94100323085456,375.9052860327472,49999973.32737815,377.22357955477327,377.22357955477327,128
B,441.40226904947883,387.896251098492,49999966.70605337,330.65802313428554,330.65802313428554,129
R,432.5840595040605,386.092670156029,49999974.49726085,349.90579922884405,349.90579922884405,129
G,428.151719276377,377.2058488155428,49999973.32737815,378.98145698871775,378.98145698871775,129
G,428.1518564088911,377.20557856313417,49999973.32737815,378.9811559880951,378.9811559880951,130
R,432.3719154523108,388.93112602391784,49999973.58490937,350.7331712605973,350.7331712605973,130
B,440.8291499827008,390.47690830752083,49999965.71428894,333.36440575049585,333.36440575049585,130
R,431.7077792099138,390.24705045067884,49999973.58490937,351.77097949181547,351.77097949181547,131
G,427.5371627093071,378.39143595895416,49999973.32737815,380.1293633475917,380.1293633475917,131
B,440.01902070923853,391.6385642992424,49999965.71428894,334.36349724887793,334.36349724887793,131
R,431.7080313147394,390.24668686444926,49999973.58490937,351.7700400708657,351.7700400708657,132
G,426.30391662997886,382.47423228537707,49999973.32737815,383.11257527900983,383.11257527900983,132
B,439.2242513481352,394.6863992644588,49999964.47343744,335.37487477922815,335.37487477922815,132
G,426.3040938578218,382.47398682943236,49999973.32737815,383.1122144125408,383.1122144125408,133
R,431.12069111668274,394.10738881564316,49999973.16894437,354.48134555931085,354.48134555931085,133
B,437.7414650978296,398.15075708586136,49999964.47343744,339.71388170431703,339.71388170431703,133
R,430.3273264669445,395.2050914370853,49999973.16894437,355.5243847447459,355.5243847447459,134
G,425.3881038804402,383.4334234859365,49999973.32737815,384.2002923975805,384.2002923975805,134
B,436.6072911160912,399.0094476534172,49999964.47343744,340.8927074516767,340.8927074516767,134
R,430.32758706198905,395.2048098959025,49999973.16894437,355.5240633756777,355.5240633756777,135
G,424.8536161720131,386.10758504831057,49999972.34775044,386.59751306654886,386.59751306654886,135
B,436.0227949176745,401.5852519854055,49999963.47856117,343.39296265847605,343.39296265847605,135
G,424.8537530850113,386.1073132417041,49999972.34775044,386.59721078062864,386.59721078062864,136
R,430.16098882832665,397.9037191895831,49999972.23029833,356.26249091399114,356.26249091399114,136
B,435.4464589799914,403.96640486725454,49999962.48432607,346.23547799093734,346.23547799093734,136
R,430.1612525963166,397.9033322827877,49999972.23029833,356.2612380438983,356.2612380438983,137
G,424.02653079329286,389.3132404605664,49999971.86792725,389.6012036230731,389.6012036230731,137
B,434.39126451006035,406.5079308374224,49999961.49154431,348.5483610727628,348.5483610727628,137
G,424.0267078630661,389.31299514004746,49999971.86792725,389.60084016138916,389.60084016138916,138
R,428.0827488692265,399.05195855795984,49999971.74018496,360.211716264442,360.211716264442,138
B,433.5397073126936,408.812872203104,49999960.52160775,351.13383921611023,351.13383921611023,138
R,428.015837359302,399.9411482667466,49999971.57464867,360.76883144144784,360.76883144144784,139
G,423.2214810209673,389.53881347811966,49999971.53577289,390.8170765997008,390.8170765997008,139
B,433.2101978007176,409.5056987259613,49999960.041677296,352.81820901494916,352.81820901494916,139
R,428.015837359302,399.9411482667466,49999971.57464867,360.76883144144784,360.76883144144784,140
G,423.2214810209673,389.53881347811966,49999971.53577289,390.8170765997008,390.8170765997008,140
B,433.2101978007176,409.5056987259613,49999960.041677296,352.81820901494916,352.81820901494916,140
R,428.015837359302,399.9411482667466,49999971.57464867,360.76883144144784,360.76883144144784,141
G,423.2214810209673,389.53881347811966,49999971.53577289,390.8170765997008,390.8170765997008,141
B,433.2101978007176,409.5056987259613,49999960.041677296,352.81820901494916,352.81820901494916,141
R,428.015837359302,399.9411482667466,49999971.57464867,360.76883144144784,360.76883144144784,142
G,423.2214810209673,389.53881347811966,49999971.53577289,390.8170765997008,390.8170765997008,142
B,433.2101978007176,409.5056987259613,49999960.041677296,352.81820901494916,352.81820901494916,142
R,428.015837359302,399.9411482667466,49999971.57464867,360.76883144144784,360.76883144144784,143
G,423.2214810209673,389.53881347811966,49999971.53577289,390.8170765997008,390.8170765997008,143
B,433.2101978007176,409.5056987259613,49999960.041677296,352.81820901494916,352.81820901494916,143
R,428.015837359302,399.9411482667466,49999971.57464867,360.76883144144784,360.76883144144784,144
G,423.2214810209673,389.53881347811966,49999971.53577289,390.8170765997008,390.8170765997008,144
B,433.2101978007176,409.5056987259613,49999960.041677296,352.81820901494916,352.81820901494916,144
R,428.015837359302,399.9411482667466,49999971.57464867,360.76883144144784,360.76883144144784,145
G,423.2214810209673,389.53881347811966,49999971.53577289,390.8170765997008,390.8170765997008,145
B,433.2101978007176,409.5056987259613,49999960.041677296,352.81820901494916,352.81820901494916,145
R,428.015837359302,399.9411482667466,49999971.57464867,360.76883144144784,360.76883144144784,146
G,423.2214810209673,389.53881347811966,49999971.53577289,390.8170765997008,390.8170765997008,146
B,433.2101978007176,409.5056987259613,49999960.041677296,352.81820901494916,352.81820901494916,146
R,428.015837359302,399.9411482667466,49999971.57464867,360.76883144144784,360.76883144144784,147
G,423.2214810209673,389.53881347811966,49999971.53577289,390.8170765997008,390.8170765997008,147
B,433.2101978007176,409.5056987259613,49999960.041677296,352.81820901494916,352.81820901494916,147
R,428.01607965289816,399.9408151904641,49999971.57464867,360.76847226507556,360.76847226507556,148
G,422.46699081622495,392.0422463342445,49999970.2862742,397.24422062213034,397.24422062213034,148
B,432.289881120923,411.87398243493965,49999959.297212295,357.6295668860704,357.6295668860704,148
G,422.46715221935636,392.04197095732104,49999970.2862742,397.2440167507481,397.2440167507481,149
R,427.31374193792533,401.8428712172074,49999970.77497268,363.59212794376174,363.59212794376174,149
B,431.5241487735577,413.81228159975853,49999958.06325671,363.5126793170549,363.5126793170549,149
R,426.6496053901948,403.15879623598846,49999970.77497268,364.62993645259735,364.62993645259735,150
G,421.8525053187624,393.22769290916773,49999970.2862742,398.3926070146138,398.3926070146138,150
B,430.7140209388368,414.9739488539537,49999958.06325671,364.5117871928933,364.5117871928933,150
G,421.8526667275769,393.2274172906073,49999970.2862742,398.39240379605593,398.39240379605593,151
R,425.94728773744276,405.0608121382903,49999969.97529668,367.45444136873385,367.45444136873385,151
B,429.94828524265296,416.91225471640996,49999956.82930112,370.39489754668745,370.39489754668745,151
R,425.9475866196576,405.0603562063412,49999969.97529668,367.4519420988952,367.4519420988952,152
G,420.6194148000973,397.31022052369315,49999970.2862742,401.37563447201006,401.37563447201006,152
B,429.1534985173183,419.9600992549656,49999955.58844963,371.40624373181254,371.40624373181254,152
R,425.9478842780245,405.05989918036585,49999969.97529668,367.4494407779539,367.4494407779539,153
G,419.38615942633936,401.3930237904531,49999970.2862742,404.3588754029065,404.3588754029065,153
B,428.3587123308038,423.00793797016405,49999954.34759814,372.4175559186093,372.4175559186093,153
R,425.94818193606216,405.05944215035964,49999969.97529668,367.44693942647046,367.44693942647046,154
G,418.92208417681184,404.11575149179214,49999969.30882479,403.6812783795714,403.6812783795714,154
B,427.30092362946135,425.02331642927254,49999953.35491774,374.6840272057058,374.6840272057058,154
G,418.9222481413702,404.11546879600365,49999969.30882479,403.6810766800018,403.6810766800018,155
R,425.24588167392136,406.9614232714391,49999969.17562069,370.27194983418815,370.27194983418815,155
B,426.5351882790649,426.96162160015365,49999952.12096215,380.5672162191339,380.5672162191339,155
R,425.24621682097535,406.9608941887562,49999969.17562069,370.26821488574234,370.26821488574234,156
G,417.68898490902495,408.19826902770495,49999969.30882479,406.6643394378111,406.6643394378111,156
B,425.7403987595063,430.0094607099334,49999950.88011066,381.57849528057403,381.57849528057403,156
R,424.9991797474791,406.6208667812557,49999969.17562069,370.4499094497877,370.4499094497877,157
G,416.1474362342771,409.3871610481947,49999968.39978043,409.3034668871598,409.3034668871598,157
B,425.73925706890884,432.6043857487153,49999949.38056548,381.58831920360063,381.58831920360063,157
R,424.99950479041354,406.6203507743135,49999969.17562069,370.4464743024809,370.4464743024809,158
G,415.14216161886094,410.8780775736248,49999967.03911634,413.9304406162928,413.9304406162928,158
B,424.4429482245862,433.7589528288112,49999948.44191943,384.46373749720595,384.46373749720595,158
R,424.99969471590964,406.6199709213932,49999969.17562069,370.44620181475324,370.44620181475324,159
G,414.3851488937059,412.7302415053798,49999966.23079315,416.3211423573711,416.3211423573711,159
B,423.551563402787,435.4648329648385,49999947.21698287,389.4921706597588,389.4921706597588,159
G,414.36061685049685,412.59928228560636,49999966.23079315,416.11077849970286,416.11077849970286,160
R,424.7526978332192,408.9767286352976,49999968.30051514,370.8986845475983,370.8986845475983,160
B,422.48513390451967,437.0556333830162,49999945.90074329,394.39537677710433,394.39537677710433,160
G,414.33609063851617,412.4683398164932,49999966.23079315,416.3002850209229,416.3002850209229,161
R,424.0530068359687,411.5579066491298,49999967.47282936,373.3150008136956,373.3150008136956,161
B,421.231929997782,439.1572188309022,49999944.90579606,397.8724982229764,397.8724982229764,161
B,421.2321113248551,439.1569624215371,49999944.90579606,397.87219004829,397.87219004829,162
R,423.0290760085303,414.87577705849935,49999967.47282936,375.1261342484568,375.1261342484568,162
G,412.9318846361074,415.09895620207016,49999965.49596995,418.16260377860635,418.16260377860635,162
R,423.02926902265153,414.87539102832886,49999967.47282936,375.12585986991087,375.12585986991087,163
G,412.1748719300897,416.9511191161737,49999964.68764675,420.55330744759283,420.55330744759283,163
B,420.3407205246096,440.86285292103173,49999943.6808595,402.900634376377,402.900634376377,163
R,423.02946203663726,414.87500499842963,49999967.47282936,375.12558549146337,375.12558549146337,164
G,411.41785887778815,418.80328230300887,49999963.87932356,422.9440127114611,422.9440127114611,164
B,419.44932737489296,442.5687475032408,49999942.45592294,407.92908311877227,407.92908311877227,164
R,423.02965505048735,414.87461896880166,49999967.47282936,375.1253111131143,375.1253111131143,165
G,410.66084548059496,420.6554457617033,49999963.07100036,425.33471953905416,425.33471953905416,165
B,418.5579319419721,444.2746460497737,49999941.23098638,412.95753614613886,412.95753614613886,165
B,418.2325272166471,443.87292717173636,49999941.23098638,412.9639022018293,412.9639022018293,166
R,421.7083260121838,416.6992497741956,49999967.00165337,376.90620901249537,376.90620901249537,166
G,410.0643325446411,423.1993626104155,49999962.08427811,428.42028149760336,428.42028149760336,166
R,421.64122348262214,416.5715371056504,49999967.00165337,376.7947281849701,376.7947281849701,167
G,409.4116625337833,425.9109925974672,49999961.11476377,430.99537751851165,430.99537751851165,167
B,418.20187987265365,447.19738425146653,49999940.25232634,413.12808199766533,413.12808199766533,167
B,418.20200227056466,447.1971394543967,49999940.25232634,413.12783639556125,413.12783639556125,168
R,419.7189077493742,418.3835953067513,49999966.74665336,378.50403707522287,378.50403707522287,168
G,408.48112021712006,428.31570202439246,49999960.21476542,437.29836007366987,437.29836007366987,168
R,419.719101787048,418.383207229476,49999966.74665336,378.50376162924056,378.50376162924056,169
G,407.72410370855056,430.16786963915223,49999959.40644223,439.6890776076267,439.6890776076267,169
B,417.3106058315663,448.9030396370364,49999939.02738978,418.156291090316,418.156291090316,169
B,417.31077901984185,448.9027959369162,49999939.02738978,418.15599839969,418.15599839969,170
R,419.111147091135,421.59608341844336,49999966.33068837,378.8423863712388,378.8423863712388,170
G,406.77333981141936,432.7624720580835,49999958.59811903,442.06093291906546,442.06093291906546,170
B,417.31092407050454,448.90250582997874,49999939.02738978,418.1557635472734,418.1557635472734,171
R,416.6419315457708,422.94471467200407,49999965.73951287,380.56849407392065,380.56849407392065,171
G,406.5065411397171,436.27156959631066,49999957.71898324,442.91156242090585,442.91156242090585,171
R,416.6421287909184,422.944320179781,49999965.73951287,380.56821618309885,380.56821618309885,172
G,405.749525444534,438.12373382276456,49999956.91066004,445.3022799603859,445.3022799603859,172
B,416.41952543919314,450.6084098173149,49999937.80245322,423.18422235536553,423.18422235536553,172
G,405.7496986292462,438.1234972724528,49999956.91066004,445.301920110747,445.301920110747,173
R,415.3202487252432,425.3943850343064,49999964.76352327,383.6406744620888,383.6406744620888,173
B,414.55773491049166,453.20013405048087,49999937.80245322,425.0835426879918,425.0835426879918,173
G,405.7498718140145,438.1232607211912,49999956.91066004,445.30156026097137,445.30156026097137,174
R,413.57755866982836,427.75990306074425,49999964.50852327,386.93472776172865,386.93472776172865,174
B,412.84384090318076,455.95689264154254,49999937.47395322,428.1439255167514,428.1439255167514,174
B,412.84399602487883,455.95663259748915,49999937.47395322,428.1436477456805,428.1436477456805,175
R,411.40421467044297,430.00052925550483,49999964.50852327,389.8204730301326,389.8204730301326,175
G,404.8675104818476,440.9617312119275,49999956.05088685,447.36758405900076,447.36758405900076,175
B,412.8441669501236,455.95639225295616,49999937.47395322,428.1433590976346,428.1433590976346,176
R,410.79628011330095,433.21343895114717,49999964.09255827,390.15921743826806,390.15921743826806,176
G,403.9167449944985,443.5563302781407,49999955.24256365,449.73943943487967,449.73943943487967,176
R,410.7965492212658,433.2131154534732,49999964.09255827,390.1588197759672,390.1588197759672,177
G,402.62858989133287,444.88544958595566,49999954.26613157,451.83630893863113,451.83630893863113,177
B,412.82957746642126,458.4955084912423,49999936.48809309,428.21811982775324,428.21811982775324,177
R,410.80000703406716,433.2062786357058,49999964.09255827,390.3580389785881,390.3580389785881,178
G,401.56405806672615,447.34046843408953,49999953.77097602,454.9626347459741,454.9626347459741,178
B,412.68982943693726,461.8543044501096,49999935.5370939,429.15550728114425,429.15550728114425,178
G,401.56420231778264,447.3401876120441,49999953.77097602,454.962307021112,454.962307021112,179
R,407.6619282594153,434.1861866991031,49999964.09255827,392.88093046033936,392.88093046033936,179
B,412.6470274311705,465.94202588402186,49999934.54638833,429.40912045722274,429.40912045722274,179
G,401.56434656885284,447.3399067899772,49999953.77097602,454.9619792962448,454.9619792962448,180
R,404.52385848799577,435.16610472001287,49999964.09255827,395.4038436111705,395.4038436111705,180
B,412.6042270181942,470.02974413235313,49999933.55568276,429.6627334789161,429.6627334789161,180
R,404.524056739962,435.16570821415263,49999964.09255827,395.4035634578515,395.4035634578515,181
G,400.8073302363021,449.1920698783531,49999952.96265282,457.35270111010004,457.35270111010004,181
B,411.7128312484342,471.7356424943417,49999932.3307462,434.6911855873557,434.6911855873557,181
B,411.7130002300808,471.73539178105995,49999932.3307462,434.6908962044831,434.6908962044831,182
R,403.0867338371831,438.65899528310683,49999964.09255827,397.8324586047329,397.8324586047329,182
G,398.37158880460936,451.5173155498459,49999952.96265282,462.1220017884546,462.1220017884546,182
R,403.08693340385264,438.6585961478399,49999964.09255827,397.83217754734085,397.83217754734085,183
G,397.61457112951064,453.36948045066435,49999952.15432963,464.5127280635315,464.5127280635315,183
B,410.82160224746,473.4412939996624,49999931.10580964,439.7193524993293,439.7193524993293,183
R,403.0871329703576,438.658197012902,49999964.09255827,397.8318964900699,397.8318964900699,184
G,396.8575531343254,455.22164560956236,49999951.34600643,466.9034554782815,466.9034554782815,184
B,409.93020211262,475.1471999661377,49999929.88087308,444.7478128611178,444.7478128611178,184
B,409.93031971610543,475.14696475897546,49999929.88087308,444.7475768459095,444.7475768459095,185
R,402.2571184136456,441.1199671510167,49999963.48373543,399.54546298761596,399.54546298761596,185
G,395.724486681986,457.0022821879077,49999950.39500724,471.95882640366267,471.95882640366267,185
B,409.93053765142713,475.14673877871854,49999929.88087308,444.7473886627847,444.7473886627847,186
R,401.1297275312652,444.1799874066678,49999963.04255993,404.0199731748242,404.0199731748242,186
G,394.5272780581963,459.45667324935874,49999949.81150724,476.08518211063466,476.08518211063466,186
R,400.46483610294416,445.3568606848612,49999963.04255993,405.37442384874464,405.37442384874464,187
G,393.7059087772442,460.4811297362808,49999949.81150724,477.4611850320349,477.4611850320349,187
B,409.41426937525534,476.470488663285,49999929.72793213,446.674256112105,446.674256112105,187
G,393.681389959336,460.3502232343251,49999949.81150724,477.6507248611208,477.6507248611208,188
R,399.5057986433518,447.67445961170836,49999962.10219864,409.4135599090468,409.4135599090468,188
B,408.6520553372196,479.01059909649535,49999928.73298489,450.3956145395453,450.3956145395453,188
R,399.5059959666442,447.67406496319563,49999962.10219864,409.4132803563438,409.4132803563438,189
G,392.9243688509363,462.20239328216894,49999949.00318404,480.0414614462332,480.0414614462332,189
B,407.7606516359908,480.7165111994263,49999927.50804833,455.4240814946258,455.4240814946258,189
G,392.8998288289933,462.0714407710129,49999949.00318404,479.8311059714569,479.8311059714569,190
R,399.25900648171415,450.0308078815791,49999961.22709309,409.8657560242447,409.8657560242447,190
B,406.6942037809749,482.3073426697058,49999926.19180875,460.3273204247757,460.3273204247757,190
G,392.8752888688106,461.94048816295816,49999949.00318404,479.62075038342203,479.62075038342203,191
R,399.012018824953,452.38754714362483,49999960.35198755,410.31823058229116,410.31823058229116,191
B,405.6277540371801,483.8981774226871,49999924.87556917,465.23056291399695,465.23056291399695,191
R,399.01221985055395,452.38714509049487,49999960.35198755,410.3179488384902,410.3179488384902,192
G,392.1182675759847,463.79265825460215,49999948.19486085,482.0114876956632,482.0114876956632,192
B,404.7363446060228,485.60409948278397,49999923.65063261,470.25904066492376,470.25904066492376,192
B,404.7364540440292,485.60388060517164,49999923.65063261,470.25879858542436,470.25879858542436,193
R,395.9610412379359,453.8287138272129,49999960.35198755,412.87974884582803,412.87974884582803,193
G,390.61542448708315,466.8783863770019,49999948.19486085,486.36612697649656,486.36612697649656,193
B,404.73659867331,485.60363824490304,49999923.65063261,470.2585394994425,470.2585394994425,194
R,395.39276381196925,456.64447143812765,49999959.440867,415.47378402761296,415.47378402761296,194
G,389.06492480820685,468.44969763340066,49999947.55991085,490.40778082922816,490.40778082922816,194
R,395.3929650413812,456.6440689773759,49999959.440867,415.473501543852,415.473501543852,195
G,388.3079014973786,470.3018705093347,49999946.75158765,492.79852429369635,492.79852429369635,195
B,403.8451873902372,487.3095635173437,49999922.42569605,475.2870207312664,475.2870207312664,195
R,395.39316627061515,456.64366651698,49999959.440867,415.4732190602272,415.4732190602272,196
G,387.55087789117255,472.15404361687445,49999945.94326446,495.1892687313321,495.1892687313321,196
B,402.9537743016828,489.0154919193271,49999921.20075949,480.3155053532202,480.3155053532202,196
G,387.5263354281826,472.0230942303727,49999945.94326446,494.9789170967912,494.9789170967912,197
R,395.1461806916084,459.00040162351684,49999958.56576146,415.9256917972157,415.9256917972157,197
B,401.88731729814833,490.6063392624088,49999919.88451991,485.2187614828566,485.2187614828566,197
B,401.7982845846309,490.49311169655823,49999919.88451991,484.9342107791538,484.9342107791538,198
R,393.41956895085565,460.90130405342,49999958.14979646,418.68839717321634,418.68839717321634,198
G,386.93106086633486,474.5691817970003,49999944.95654221,494.95136141815897,494.95136141815897,198
R,393.4197717650284,460.9008984231464,49999958.14979646,418.688113487898,418.688113487898,199
G,386.17403820092454,476.42135210005836,49999944.14821901,497.3421038906791,497.3421038906791,199
B,400.9068681836869,492.19904583577346,49999918.65958335,489.9627016121746,489.9627016121746,199
R,393.4199745790151,460.9004927932452,49999958.14979646,418.68782980272096,418.68782980272096,200
G,385.41701524074267,478.2735226370436,49999943.33989582,499.73284730119906,499.73284730119906,200
B,400.01545010264704,493.904982881318,49999917.43464679,494.9911955908837,494.9911955908837,200
R,393.4201773928155,460.90008716371625,49999958.14979646,418.6875461176848,418.6875461176848,201
G,384.6599919874818,480.1256934064836,49999942.53157262,502.1235916369162,502.1235916369162,201
B,399.12403038168776,495.61092276179704,49999916.20971023,500.0196926371441,500.0196926371441,201
R,393.42038020642974,460.89968153455976,49999958.14979646,418.6872624327897,418.6872624327897,202
G,383.9029684428295,481.97786440690203,49999941.72324942,504.5143368853062,504.5143368853062,202
B,398.23260905955595,497.3168654084129,49999914.98477367,505.0481926756889,505.0481926756889,202
B,398.2327107094832,497.31666210882867,49999914.98477367,505.04798869510984,505.04798869510984,203
R,392.3899340945853,463.76522011234846,49999957.73383146,421.40032927045286,421.40032927045286,203
G,382.5834022193594,484.2357975945175,49999941.24342623,509.23376682693413,509.23376682693413,203
R,391.72505048882124,464.94207754222845,49999957.73383146,422.75478318546476,422.75478318546476,204
G,381.76202271928497,485.2602045452395,49999941.24342623,510.60973359707606,510.60973359707606,204
B,397.71642336716,498.6404465395261,49999914.83183272,506.97489851593866,506.97489851593866,204
R,391.72525361363296,464.9416712926822,49999957.73383146,422.75449915393364,422.75449915393364,205
G,380.6101258529097,487.3511080609897,49999940.83842623,514.1065379120652,514.1065379120652,205
B,396.7250314307089,500.94013371407027,49999913.46661381,511.8340417472708,511.8340417472708,205
G,380.6110184424231,487.3510673943705,49999940.83842623,514.106220409067,514.106220409067,206
R,390.6349429810685,466.79871429886396,49999956.90699311,424.48860918025,424.48860918025,206
B,396.15575422450274,503.39269095041305,49999912.48130752,514.7497864093214,514.7497864093214,206
B,396.15585424975893,503.3924908997091,49999912.48130752,514.7495856852736,514.7495856852736,207
R,389.8063566789466,469.2139601117614,49999956.29817026,426.51622372886476,426.51622372886476,207
G,379.4780393849612,489.1315685889206,49999939.88742703,519.1619059284488,519.1619059284488,207
R,389.80656082687074,469.2135518139852,49999956.29817026,426.51593883222483,426.51593883222483,208
G,378.7210121126988,490.983745520606,49999939.07910384,521.5526616008908,521.5526616008908,208
B,395.2644292980845,505.0984397357985,49999911.25637096,519.7780923498611,519.7780923498611,208
R,389.8067649745992,469.21314351660004,49999956.29817026,426.5156539357356,426.5156539357356,209
G,377.9639845655343,492.8359226654648,49999938.27078064,523.943418103615,523.943418103615,209
B,394.3730028655511,506.80439112620377,49999910.0314344,524.8066017766128,524.8066017766128,209
R,389.15348992355035,470.5196936186981,49999956.29817026,428.0649233256897,428.0649233256897,210
G,377.1594665457785,493.99153571560504,49999938.27078064,525.6781853810833,525.6781853810833,210
B,393.71963686111803,508.1111231350699,49999910.0314344,526.3007063534776,526.3007063534776,210
B,393.7197328784072,508.11093110052377,49999910.0314344,526.3004933603473,526.3004933603473,211
R,388.0744050690483,473.9642516702514,49999955.81229403,433.3032977907333,433.3032977907333,211
G,374.7215585209925,495.86137158877807,49999938.27078064,527.9908281659341,527.9908281659341,211
R,388.0746153346403,473.9638311368248,49999955.81229403,433.3029908138086,433.3029908138086,212
G,373.7225656294937,498.00211416339135,49999937.66195779,529.9787638779699,529.9787638779699,212
B,392.2707670621626,509.8814678617681,49999909.09278835,529.5252456509111,529.5252456509111,212
R,388.0748256000298,473.9634106038035,49999955.81229403,433.3026838370938,433.3026838370938,213
G,372.7235728246009,500.1428561419095,49999937.05313495,531.9666994888886,531.9666994888886,213
B,390.8218006432985,511.6520056421794,49999908.15414231,532.749999021123,532.749999021123,213
R,388.07503586521676,473.96299007118733,49999955.81229403,433.30237686058905,433.30237686058905,214
G,371.7245801086554,502.28359751907516,49999936.4443121,533.954634980708,533.954634980708,214
B,389.3728336274855,513.4225444320591,49999907.21549627,535.9747534607927,535.9747534607927,214
R,387.4101553835647,475.13984078779816,49999955.81229403,434.65682619039416,434.65682619039416,215
G,370.90318491663965,503.30791731364167,49999936.4443121,535.3305283923827,535.3305283923827,215
B,388.85653989956086,514.7463403004754,49999907.06255532,537.9016771667476,537.9016771667476,215
G,370.77428830436037,503.1302489038799,49999936.4443121,535.1942012360394,535.1942012360394,216
R,386.7934296027665,478.3333257955811,49999954.93926468,437.2588180176329,437.2588180176329,216
B,387.84713970271696,517.6302622561097,49999906.62137982,540.6383806547209,540.6383806547209,216
B,387.8472653072433,517.6300525486139,49999906.62137982,540.6381566819674,540.6381566819674,217
R,385.6998793247197,481.2072808078265,49999954.02814413,439.4138201935252,439.4138201935252,217
G,369.2035209994136,505.42122766244177,49999936.4443121,537.1148573243469,537.1148573243469,217
G,369.2036857543357,505.42100923657335,49999936.4443121,537.1145137339878,537.1145137339878,218
R,384.00446422977416,483.90352798966455,49999953.69964413,443.57903739257347,443.57903739257347,218
B,386.27941611269915,520.9162791553505,49999906.47137982,545.0174297173592,545.0174297173592,218
G,369.10059737741136,505.27719430732964,49999936.4443121,537.2389888914241,537.2389888914241,219
R,382.4029158161003,485.3921618293997,49999953.05303525,445.5319511760061,445.5319511760061,219
B,385.7671863408632,523.6459236876307,49999905.48208067,547.617796698925,547.617796698925,219
G,368.98337772778166,505.1019781097887,49999936.4443121,537.1044274778736,537.1044274778736,220
R,381.78938558550277,487.8007629696789,49999952.06111905,448.70973210625283,448.70973210625283,220
B,385.7523724589647,526.6569965403503,49999904.48957126,547.661662231367,547.661662231367,220
G,368.9834970187738,505.1017857912835,49999936.4443121,537.1042465589898,537.1042465589898,221
R,381.1135055900001,490.1743401657893,49999951.06508011,452.3510970676514,452.3510970676514,221
B,385.13393493922274,529.0206658639921,49999903.99073441,550.0840409629135,550.0840409629135,221
B,385.13406027388214,529.0204564268197,49999903.99073441,550.0838171061164,550.0838171061164,222
R,379.834725001396,494.23684774379547,49999951.06508011,454.92354999334185,454.92354999334185,222
G,367.11492855709855,507.7825187432723,49999935.87834711,540.551031386691,540.551031386691,222
R,379.83493603917503,494.236425665995,49999951.06508011,454.9232402334021,454.9232402334021,223
G,366.1159358923507,509.92325847938577,49999935.26952426,542.5389672414211,542.5389672414211,223
B,383.6850919070311,530.7909972605387,49999903.05208837,553.3085734948298,553.3085734948298,223
B,383.68518534951284,530.7908103772353,49999903.05208837,553.30836603756,553.30836603756,224
R,377.9045273748677,496.1772128275493,49999950.81008012,458.74660678565584,458.74660678565584,224
G,364.63978213556646,512.130746623437,49999934.81070142,545.9875719557015,545.9875719557015,224
B,383.5959704201935,530.6773861959053,49999903.05208837,553.0235603553109,553.0235603553109,225
R,374.9376430936531,497.7849140297476,49999950.55508012,461.9288484823503,461.9288484823503,225
G,363.73259795989577,515.2689676891051,49999934.31236306,546.0473740810547,546.0473740810547,225
G,363.7698788480615,515.1632686796661,49999934.31236306,545.9516756204998,545.9516756204998,226
R,373.5877933442356,500.55923038681937,49999950.22658012,464.3400202836149,464.3400202836149,226
B,382.80195971293085,534.0581723849867,49999902.23347501,556.5220099264368,556.5220099264368,226
G,363.77007757372286,515.1630855981676,49999934.31236306,545.9513417335992,545.9513417335992,227
R,372.1425846894108,501.6861649692575,49999949.28879574,466.8773983421,466.8773983421,227
B,382.2991547053388,536.2372966599698,49999901.23473395,558.9360334219374,558.9360334219374,227
R,371.47770461849785,502.8630141329474,49999949.28879574,468.2318570469774,468.2318570469774,228
G,363.0344740285102,516.2246361379638,49999934.31236306,547.4357053140102,547.4357053140102,228
B,381.7828592794365,537.5610953411782,49999901.081793,560.8629602877497,560.8629602877497,228
G,363.07177806300115,516.1188711429617,49999934.31236306,547.3399351143863,547.3399351143863,229
R,370.12785394588303,505.63733041934614,49999948.96029574,470.6430278699802,470.6430278699802,229
B,380.98884780040174,540.9418830738036,49999900.26317964,564.3614114029609,564.3614114029609,229
B,380.98906396539576,540.9416939780399,49999900.26317964,564.361274124907,564.361274124907,230
R,369.00045842831764,508.8473572749098,49999948.51912024,474.6075432078708,474.6075432078708,230
G,361.6648161463369,518.4675291690717,49999933.83386306,550.4766256023748,550.4766256023748,230
R,369.0006679373362,508.8469382546303,49999948.51912024,474.60723113543366,474.60723113543366,231
G,360.6658241062657,520.6082654879566,49999933.22504022,552.4645600505985,552.4645600505985,231
B,379.540093820876,542.7122377102284,49999899.3245336,567.5860334977169,567.5860334977169,231
B,379.5403113032719,542.712049032179,49999899.3245336,567.5858975282382,567.5858975282382,232
R,367.8228506319754,512.4477209667182,49999948.10315524,479.9762682100157,479.9762682100157,232
G,359.05074269987404,523.3790994182897,49999933.22504022,554.9998238566017,554.9998238566017,232
R,367.823058333892,512.4473055606426,49999948.10315524,479.9759573650218,479.9759573650218,233
G,358.0517510160793,525.5198340037186,49999932.61621738,556.9877573941868,556.9877573941868,233
B,378.0913405963546,544.4825937177839,49999898.38588756,570.810657914372,570.810657914372,233
R,367.82326603560347,512.4468901549769,49999948.10315524,479.97564652029024,479.97564652029024,234
G,357.05275945283626,527.6605679098872,49999932.00739453,558.9756905991436,558.9756905991436,234
B,376.64236933217626,546.2531393479854,49999897.44724152,574.035419304511,574.035419304511,234
G,357.0529589441277,527.6603850075359,49999932.00739453,558.9753561899498,558.9753561899498,235
R,366.37802118494386,513.5738030719939,49999947.16537086,482.51294021273367,482.51294021273367,235
B,376.13956229181997,548.4322676884973,49999896.44850046,576.449447751983,576.449447751983,235
R,366.3782519404735,513.5733505079203,49999947.16537086,482.5126400154393,482.5126400154393,236
G,355.91852369434633,529.7197392473655,49999931.10739618,562.7544340548907,562.7544340548907,236
B,375.5605354263135,551.0443329802698,49999895.49205139,579.1169700625006,579.1169700625006,236
G,355.78964617514885,529.5420856959277,49999931.10739618,562.6181091519792,562.6181091519792,237
R,365.80443425242083,517.182049569032,49999946.20694698,485.031286571094,485.031286571094,237
B,374.03030252240217,553.8723413844533,49999895.49205139,582.2219498858708,582.2219498858708,237
R,365.80464228605064,517.18163349953,49999946.20694698,485.0309746878234,485.0309746878234,238
G,354.79065397223343,531.6828201895804,49999930.49857334,564.6060440438592,564.6060440438592,238
B,372.5813299600647,555.6428891275543,49999894.55340535,585.4467134449053,585.4467134449053,238
G,354.79080688225196,531.6825721714956,49999930.49857334,564.6057034015962,564.6057034015962,239
R,363.6380858575325,520.3264724615049,49999946.20694698,488.352915142136,488.352915142136,239
B,371.6910764978061,559.7262453749796,49999894.55340535,587.1162131838638,587.1162131838638,239
R,362.9732097595352,521.5033128530246,49999946.20694698,489.70737377773656,489.70737377773656,240
G,353.9419563116598,532.5836002469091,49999930.49857334,565.8611639299094,565.8611639299094,240
B,371.1747782429158,561.0500489445726,49999894.4004644,589.0431457841943,589.0431457841943,240
R,362.30833093658765,522.6801579976943,49999946.20694698,491.06183624360773,491.06183624360773,241
G,353.09288636120965,533.4836381804581,49999930.49857334,567.1156587224871,567.1156587224871,241
B,370.6584797099475,562.3738530073608,49999894.24752345,590.970078978062,590.970078978062,241
B,370.65872692134064,562.3736613652961,49999894.24752345,590.9699550612099,590.9699550612099,242
R,361.1809326126268,525.8901895460639,49999945.76577148,495.02635579301256,495.02635579301256,242
G,351.73733698558283,535.6863004224374,49999930.02007334,570.2742257451076,570.2742257451076,242
R,361.181140974448,525.8897728201789,49999945.76577148,495.0260418461468,495.0260418461468,243
G,350.73834443113253,537.8270344507483,49999929.4112505,572.2621615444586,572.2621615444586,243
B,369.2097537337738,564.1442100623992,49999893.30887741,594.1947195362126,594.1947195362126,243
B,369.2098764246818,564.1440079314405,49999893.30887741,594.1945483124641,594.1945483124641,244
R,359.86147002025194,527.9697599613628,49999944.94211593,499.8999035547062,499.8999035547062,244
G,349.6360425593178,539.8801561417878,49999928.781427294,575.8493405055386,575.8493405055386,244
R,359.1965866062381,529.1466137377928,49999944.94211593,501.25436878919794,501.25436878919794,245
G,348.8725412769146,540.8161892717982,49999928.781427294,577.2111464024642,577.2111464024642,245
B,368.69357712268936,565.4678133647292,49999893.15593646,596.1214831625331,596.1214831625331,245
G,348.87273912015525,540.8160094273462,49999928.781427294,577.2108163430206,577.2108163430206,246
R,357.7513008886797,530.2734995614403,49999944.00433155,503.7915641867466,503.7915641867466,246
B,368.1907681960354,567.6469454778365,49999892.15719541,598.5355149693548,598.5355149693548,246
R,357.7515055300928,530.2730902763717,49999944.00433155,503.7912526789802,503.7912526789802,247
G,347.8737458925965,542.9567439194965,49999928.17260446,579.1987538444728,579.1987538444728,247
B,366.7417939146899,569.4174960045111,49999891.21854936,601.7602813726502,601.7602813726502,247
B,366.74205310914164,569.4173038752498,49999891.21854936,601.7601632274673,601.7601632274673,248
R,356.62410311050684,533.4831291174931,49999943.56315605,507.7557790644872,507.7557790644872,248
G,346.51873739124284,545.1578662328178,49999927.69410446,582.3575613976489,582.3575613976489,248
R,356.25309101345664,534.6834804420901,49999943.56315605,508.2384325830741,508.2384325830741,249
G,345.2037817866473,545.5096289545456,49999927.52782551,583.2879271196911,583.2879271196911,249
B,366.55505569780405,570.8972927241241,49999891.05194786,602.6485920363941,602.6485920363941,249
G,345.31856148833,545.1838621924513,49999927.52782551,582.9509082668998,582.9509082668998,250
R,354.90323746688006,537.4578058529735,49999943.23465605,510.6496123996832,510.6496123996832,250
B,365.7610402108655,574.278088472557,49999890.2333345,606.1470511734058,606.1470511734058,250
R,354.90344355981483,537.4573936648616,49999943.23465605,510.649298214371,510.649298214371,251
G,344.31956803328484,547.3245962959472,49999926.91900267,584.9388463297732,584.9388463297732,251
B,364.31206515696607,576.0486402461968,49999889.29468846,609.3718188489993,609.3718188489993,251
B,364.3121832861089,576.048442629311,49999889.29468846,609.3716072173918,609.3716072173918,252
R,353.62465110577654,541.5195148889134,49999943.23465605,513.2217317387286,513.2217317387286,252
G,342.4511181108752,550.005424065256,49999926.35303767,588.3857104004112,588.3857104004112,252
R,353.6248594910261,541.5190981161717,49999943.23465605,513.2214145732423,513.2214145732423,253
G,341.4521246284424,552.1461572813485,49999925.74421482,590.3736483825902,590.3736483825902,253
B,362.8632077137393,577.8189952833199,49999888.35604242,612.5963758312978,612.5963758312978,253
G,341.5670272880926,551.8200405152289,49999925.74421482,590.0362550475476,590.0362550475476,254
R,352.2750019708368,544.2934142915545,49999942.90615605,515.632577349427,515.632577349427,254
B,362.06919115711264,581.199793171129,49999887.53742905,616.0948371120284,616.0948371120284,254
R,352.2752114249594,544.2929953810667,49999942.90615605,515.632258463152,515.632258463152,255
G,340.5680339536632,553.9607730525382,49999925.13539198,592.0241925494722,592.0241925494722,255
B,360.620214763996,582.9703471823477,49999886.59878301,619.3196071422329,619.3196071422329,255
R,352.27542087885763,544.2925764710278,49999942.90615605,515.6319395772064,515.6319395772064,256
G,339.5690407661942,556.1015048497434,49999924.52656914,594.0121295501274,594.0121295501274,256
B,359.1712378640445,584.7409020542143,49999885.66013697,622.544378090096,622.544378090096,256
R,352.2756303326954,544.2921575625098,49999942.90615605,515.6316206913261,515.6316206913261,257
G,338.14827304691914,558.3924733811036,49999924.37656914,595.9263359896926,595.9263359896926,257
B,357.93146187774363,587.2049344360609,49999884.42618138,626.3648553410891,626.3648553410891,257
R,352.2758397861446,544.2917386533688,49999942.90615605,515.6313018060392,515.6313018060392,258
G,337.1492803678708,560.5332031716822,49999923.76774629,597.9142713845508,597.9142713845508,258
B,356.48248391293777,588.9754911086178,49999883.48753534,629.5896282048787,629.5896282048787,258
B,356.482569769226,588.9753193970779,49999883.48753534,629.5894372615558,629.5894372615558,259
R,350.13519311596497,545.7093481206659,49999942.37620605,518.7211259333309,518.7211259333309,259
G,336.0022794057744,562.7621424871489,49999923.29657029,601.8783721237238,601.8783721237238,259
B,356.4826850126165,588.9751266361965,49999883.48753534,629.5892307729208,629.5892307729208,260
R,348.8563818348629,549.7714346795192,49999942.37620605,521.2936447572179,521.2936447572179,260
G,334.1339465307238,565.4430647826579,49999922.7306053,605.3252927525075,605.3252927525075,260
G,334.01683796326716,565.2679344041359,49999922.7306053,605.1912492245796,605.1912492245796,261
R,348.2428509201204,552.1800343218267,49999941.38428985,524.4714216801891,524.4714216801891,261
B,356.46786225210025,591.9862163947444,49999882.49502593,629.633111042373,629.633111042373,261
G,334.017006204064,565.267715918357,49999922.7306053,605.1908882745075,605.1908882745075,262
R,345.9045912325128,553.6590204879724,49999940.596967,526.3931253353193,526.3931253353193,262
B,355.4117854104818,595.4300429026409,49999882.24002593,633.062718226876,633.062718226876,262
R,345.9048021586458,553.6585986334637,49999940.596967,526.3928019862987,526.3928019862987,263
G,333.01801276563185,567.4084460443904,49999922.12178246,607.1788253951669,607.1788253951669,263
B,353.9628073894871,597.20059954982,49999881.30137989,636.2874909497317,636.2874909497317,263
R,345.2399297193167,554.8354298124301,49999940.596967,527.747272331772,527.747272331772,264
G,332.16854795656974,568.3061777973073,49999922.12178246,608.4311976817546,608.4311976817546,264
B,353.44650369846977,598.5244126496701,49999881.14843894,638.2144348921546,638.2144348921546,264
B,353.4465892289588,598.5242415897285,49999881.14843894,638.2142445996823,638.2142445996823,265
R,343.0992905379336,556.2530493600779,49999940.067017,530.8371085037444,530.8371085037444,265
G,331.02154645034733,570.5351149001866,49999921.65060647,612.3952984408198,612.3952984408198,265
G,330.7980993213533,570.2254195236593,49999921.65060647,612.8841429619322,612.8841429619322,266
R,342.568124343606,558.8294499149724,49999939.09665521,533.4158750332347,533.4158750332347,266
B,352.85437565443465,601.052597822074,49999880.64925314,640.6422183752156,640.6422183752156,266
R,342.56833460565485,558.8290293886322,49999939.09665521,533.4155507997093,533.4155507997093,267
G,329.7991048859133,572.3661509099798,49999921.04178362,614.8720825592015,614.8720825592015,267
B,351.40539670943156,602.8231560054453,49999879.7106071,643.8669927099538,643.8669927099538,267
R,341.90346446800663,560.0058556892935,49999939.09665521,534.7700169500624,534.7700169500624,268
G,328.9496789941241,573.2638844410503,49999921.04178362,616.1244954161674,616.1244954161674,268
B,350.889092176986,604.1469705869304,49999879.55766615,645.7939384235439,645.7939384235439,268
G,328.8326361228509,573.0888149899345,49999921.04178362,615.9907448810826,615.9907448810826,269
R,341.28993294007284,562.4144560131143,49999938.10473901,537.9477943820157,537.9477943820157,269
B,350.87426825614824,607.1580624664048,49999878.56515674,645.8378205105024,645.8378205105024,269
B,350.8743540522912,607.1578908697077,49999878.56515674,645.8376299006769,645.8376299006769,270
R,340.8245036888477,565.6484126610278,49999937.68877401,538.3034079887045,538.3034079887045,270
G,326.1102236993896,574.071420944126,49999920.29731862,618.7959480490367,618.7959480490367,270
R,340.15964058589725,566.8252255129315,49999937.68877401,539.6578776114974,539.6578776114974,271
G,325.26084028526293,574.9691642836451,49999920.29731862,620.048409655637,620.048409655637,271
B,350.358049882813,608.4817047417457,49999878.41221579,647.7645746867306,647.7645746867306,271
R,340.159854326512,566.8247980294595,49999937.68877401,539.6575478948495,539.6575478948495,272
G,324.261845587192,577.1098952441038,49999919.68849578,622.0363497906362,622.0363497906362,272
B,348.9090705668634,610.2522634665722,49999877.47356975,650.9893495174338,650.9893495174338,272
G,324.14489418018417,576.9349093217943,49999919.68849578,621.9029991121643,621.9029991121643,273
R,339.54632618890497,569.2333916628409,49999936.69685781,542.8353163417702,542.8353163417702,273
B,348.89424654644387,613.2633554489432,49999876.48106034,651.0332316588176,651.0332316588176,273
R,338.89305403582216,570.5399359690065,49999936.69685781,544.3845517645369,544.3845517645369,274
G,323.34037073896303,578.0905341528204,49999919.68849578,623.6377792111955,623.6377792111955,274
B,348.24086849447633,614.5701115528785,49999876.48106034,652.5273637601073,652.5273637601073,274
B,348.3136900736352,614.6345103623547,49999876.48106034,652.6804232553579,652.6804232553579,275
R,335.79794445403445,571.1055391860618,49999936.69685781,546.8125704241369,546.8125704241369,275
G,322.7841815010863,581.0480454660262,49999918.68917401,626.9059203112115,626.9059203112115,275
B,348.3138044683744,614.6343187106148,49999876.48106034,652.6802176410928,652.6802176410928,276
R,334.5191254908152,575.1675501625413,49999936.69685781,549.385112453172,549.385112453172,276
G,320.9163582996826,583.729387957726,49999918.12320902,630.3529985500635,630.3529985500635,276
B,348.31391886312446,614.6341270588587,49999876.48106034,652.6800120268123,652.6800120268123,277
R,333.2402927020006,579.2295533214344,49999936.69685781,551.957723805776,551.957723805776,277
G,319.0488099047927,586.4109545485865,49999917.55724402,633.8001319831648,633.8001319831648,277
G,319.15502975464204,586.5029490285832,49999917.55724402,633.9332765438588,633.9332765438588,278
R,331.82260640408964,582.4449126044193,49999936.25568231,555.4801906592265,555.4801906592265,278
B,347.11514821516823,617.9986030713853,49999876.48106034,654.9377182329987,654.9377182329987,278
B,347.11526276377055,617.9984111006916,49999876.48106034,654.9375122210789,654.9375122210789,279
R,330.54376194184283,586.5069021905966,49999936.25568231,558.052860619822,558.052860619822,279
G,317.2880295118189,589.1849619884429,49999916.99127902,637.3805033501249,637.3805033501249,279
R,329.87891512407896,587.6836821138802,49999936.25568231,559.4073443127508,559.4073443127508,280
G,316.44066137005365,590.0835362741187,49999916.99127902,638.6354904322861,638.6354904322861,280
B,346.5989585106958,619.322225013635,49999876.32811939,656.8644569352363,656.8644569352363,280
G,316.4985312116126,589.9939766267709,49999916.99127902,638.5203209174254,638.5203209174254,281
R,328.8456835964871,590.3680233129036,49999935.75649652,562.1178363290396,562.1178363290396,281
B,345.52035076102015,621.9620114226759,49999875.57331488,659.2824856643354,659.2824856643354,281
R,328.84590613097697,590.3675782416811,49999935.75649652,562.1174884958872,562.1174884958872,282
G,315.49953584122636,592.1347061884001,49999916.38245618,640.5082618188129,640.5082618188129,282
B,344.0713712655375,623.7325702672547,49999874.63466884,662.5072604443925,662.5072604443925,282
G,315.55741977460536,592.0451601090573,49999916.38245618,640.3930851827918,640.3930851827918,283
R,328.4676484145884,593.0614085535656,49999934.67465817,563.4850279576051,563.4850279576051,283
B,343.92100570986725,626.8339307986736,49999873.64936255,663.5130646753262,663.5130646753262,283
B,343.9210909067045,626.8337603995867,49999873.64936255,663.5128750953246,663.5128750953246,284
R,326.4536534513262,595.5606575585739,49999934.67465817,567.8631849413357,567.8631849413357,284
G,313.47557116716894,594.5235597636873,49999915.96649118,645.8728213838101,645.8728213838101,284
R,326.4539548428238,595.5603865109839,49999934.67465817,567.8628794065859,567.8628794065859,285
G,312.97074763548426,597.0893934675602,49999915.03016013,649.6884854684242,649.6884854684242,285
B,343.1761860516905,629.4956000981648,49999872.89493249,666.7248108412276,666.7248108412276,285
B,343.29178233296045,629.4716503604874,49999872.89493249,666.7529199288682,666.7529199288682,286
R,325.3265561575072,598.7704168032427,49999934.23348267,571.8273959565943,571.8273959565943,286
G,311.6159735783079,599.2898293380283,49999914.55166013,652.8474362919675,652.8474362919675,286
R,325.3268598201195,598.7701477937736,49999934.23348267,571.8270937273962,571.8270937273962,287
G,310.7815272681595,600.7211561616379,49999913.58285792,656.1139018329312,656.1139018329312,287
B,342.77169584562193,631.6499140715197,49999871.91538857,669.4245397870085,669.4245397870085,287
R,324.6620218645191,599.9469089369971,49999934.23348267,573.1815749229803,573.1815749229803,288
G,310.0178786640805,601.6563607960916,49999913.58285792,657.4749713233975,657.4749713233975,288
B,342.25539054588836,632.9737297654257,49999871.76244762,671.3514865606309,671.3514865606309,288
G,309.9933280200583,601.5254084124332,49999913.58285792,657.2646179686842,657.2646179686842,289
R,324.41505831984506,602.3035999748682,49999933.35837713,573.6339778799505,573.6339778799505,289
B,341.1889056123717,634.5646235857787,49999870.44620804,676.2547913738432,676.2547913738432,289
R,324.41528493284363,602.3031467466287,49999933.35837713,573.6336207207153,573.6336207207153,290
G,308.99432982273726,603.6661422941713,49999912.97403507,659.252565896939,659.252565896939,290
B,339.7399239707495,636.3351860218157,49999869.507562,679.4795699541303,679.4795699541303,290
R,323.7504541475275,603.4798942373754,49999933.35837713,574.9881146381717,574.9881146381717,291
G,308.23068029412013,604.6013378220771,49999912.97403507,660.6136303620112,660.6136303620112,291
B,339.223617003718,637.6590047274086,49999869.35462105,681.406520414409,681.406520414409,291
R,323.5021865968146,603.2918399329309,49999933.35837713,574.7123738487547,574.7123738487547,292
G,307.2950008933178,606.4783292075366,49999912.06146119,664.6129862199127,664.6129862199127,292
B,339.2002350910882,640.4407825639538,49999867.87241521,681.4940523932404,681.4940523932404,292
R,322.8373609870462,604.468577054458,49999933.35837713,576.0668624600391,576.0668624600391,293
G,306.5308456858804,607.413304536229,49999912.06146119,665.9734117971336,665.9734117971336,293
B,338.6839284149171,641.7646006960705,49999867.71947425,683.421002098724,683.421002098724,293
R,322.172532950204,605.6453189907987,49999933.35837713,577.4213579453669,577.4213579453669,294
G,305.76719543419614,608.3484991006225,49999912.06146119,667.3344766488501,667.3344766488501,294
B,338.16762150105933,643.088419251383,49999867.5665333,685.3479523155628,685.3479523155628,294
G,305.7220328841508,608.2396680215905,49999912.06146119,667.5137256152175,667.5137256152175,295
R,321.5590188620385,608.0538840026311,49999932.36646093,580.5990863479877,580.5990863479877,295
B,338.15279513462434,646.0995155268448,49999866.57402389,685.3918381476467,685.3918381476467,295
B,338.1529071514955,646.0993276080516,49999866.57402389,685.3916362447811,685.3916362447811,296
R,320.2801651193476,612.1158282246406,49999932.36646093,583.171804247936,583.171804247936,296
G,303.97933959579905,611.0226809701371,49999911.49549619,670.9778128101467,670.9778128101467,296
R,320.28039582412015,612.115366812853,49999932.36646093,583.1714375095438,583.1714375095438,297
G,302.9803401514523,613.1634159505796,49999910.88667335,672.9657634731685,672.9657634731685,297
B,336.70392546685235,647.8698899601551,49999865.63537785,688.6164145874308,688.6164145874308,297
G,302.8952506411853,612.983999510678,49999910.88667335,673.7271151440591,673.7271151440591,298
R,319.7357942950332,614.6994310479787,49999931.40880124,585.7505331701726,585.7505331701726,298
B,335.5506745417828,649.8638132018658,49999865.136540994,692.7928519864803,692.7928519864803,298
R,319.0709818636292,615.8761415560524,49999931.40880124,587.1050400377281,587.1050400377281,299
G,302.13159899830885,613.9191845791306,49999910.88667335,675.0881758181622,675.0881758181622,299
B,335.0343668724399,651.1876330652035,49999864.98360005,694.7198037421393,694.7198037421393,299
R,319.0712134011705,615.8756784787271,49999931.40880124,587.1046706763052,587.1046706763052,300
G,301.1325992200938,616.0599197945287,49999910.2778505,677.0761271786163,677.0761271786163,300
B,333.585383739759,652.9581978948247,49999864.04495401,697.9445847545766,697.9445847545766,300
R,319.07144493831805,615.8752154021893,49999931.40880124,587.1043013156632,587.1043013156632,301
G,300.1335996299516,618.2006541816629,49999909.66902766,679.0640778026662,679.0640778026662,301
B,332.1364001568766,654.7287634924812,49999863.10630797,701.1693665908847,701.1693665908847,301
R,319.07167647507185,615.874752326439,49999931.40880124,587.103931955802,587.103931955802,302
G,299.1346002317966,620.3413877286637,49999909.06020481,681.0520276731072,681.0520276731072,302
B,330.68741612745134,656.4993298518375,49999862.16766193,704.3941492442813,704.3941492442813,302
R,318.40686539485716,617.0514600935591,49999931.40880124,588.4584398580982,588.4584398580982,303
G,298.3707569536143,621.2764704555489,49999909.06020481,682.4128397349933,682.4128397349933,303
B,330.1711069891224,657.8231523475147,49999862.01472098,706.3211041982993,706.3211041982993,303
B,330.1712159726528,657.8229696057887,49999862.01472098,706.3209078584813,706.3209078584813,304
R,317.1280055444676,621.1133899782229,49999931.40880124,591.0311938066302,591.0311938066302,304
G,296.62862492192426,624.0599593589233,49999908.49423982,685.8774280498599,685.8774280498599,304
G,296.5437412514844,623.8807344410038,49999908.49423982,686.6391862405168,686.6391862405168,305
R,316.5834099043785,623.6974443575665,49999930.45114154,593.6102755445322,593.6102755445322,305
B,329.01796240835387,659.8168972905181,49999861.51588413,710.497348985271,710.497348985271,305
R,316.58364654771685,623.6969710686471,49999930.45114154,593.6098956283122,593.6098956283122,306
G,295.54474144814714,626.0214678738978,49999907.88541697,688.6271367389699,688.6271367389699,306
B,327.5689769906098,661.5874660235636,49999860.57723809,713.7221341964878,713.7221341964878,306
R,315.6031379416728,624.5318773385422,49999930.45114154,594.7243626676708,594.7243626676708,307
G,294.88485695256617,627.1989638064098,49999907.72345822,690.0129967217641,690.0129967217641,307
B,326.7357910931673,662.7005509261578,49999860.57723809,714.1159357079672,714.1159357079672,307
B,326.7358911310781,662.7003731799117,49999860.57723809,714.1157209438613,714.1157209438613,308
R,314.58805931533914,626.7302030676047,49999929.57458266,597.1816863092524,597.1816863092524,308
G,293.6954272861754,629.0641240775627,49999907.25228223,692.931592843033,692.931592843033,308
R,313.8874943148274,627.1569831216892,49999929.32642766,598.6388287007243,598.6388287007243,309
G,293.15613294196436,629.5016899511182,49999906.79568754,694.4800381835317,694.4800381835317,309
B,326.56444113840735,663.4649460324516,49999860.25464314,713.9236873657724,713.9236873657724,309
R,313.8874943148274,627.1569831216892,49999929.32642766,598.6388287007243,598.6388287007243,310
G,293.15613294196436,629.5016899511182,49999906.79568754,694.4800381835317,694.4800381835317,310
B,326.56444113840735,663.4649460324516,49999860.25464314,713.9236873657724,713.9236873657724,310
R,313.8874943148274,627.1569831216892,49999929.32642766,598.6388287007243,598.6388287007243,311
G,293.15613294196436,629.5016899511182,49999906.79568754,694.4800381835317,694.4800381835317,311
B,326.56444113840735,663.4649460324516,49999860.25464314,713.9236873657724,713.9236873657724,311
R,313.8874943148274,627.1569831216892,49999929.32642766,598.6388287007243,598.6388287007243,312
G,293.15613294196436,629.5016899511182,49999906.79568754,694.4800381835317,694.4800381835317,312
B,326.56444113840735,663.4649460324516,49999860.25464314,713.9236873657724,713.9236873657724,312
R,313.8874943148274,627.1569831216892,49999929.32642766,598.6388287007243,598.6388287007243,313
G,293.15613294196436,629.5016899511182,49999906.79568754,694.4800381835317,694.4800381835317,313
B,326.56444113840735,663.4649460324516,49999860.25464314,713.9236873657724,713.9236873657724,313
R,313.8874943148274,627.1569831216892,49999929.32642766,598.6388287007243,598.6388287007243,314
G,293.15613294196436,629.5016899511182,49999906.79568754,694.4800381835317,694.4800381835317,314
B,326.56444113840735,663.4649460324516,49999860.25464314,713.9236873657724,713.9236873657724,314
R,313.8874943148274,627.1569831216892,49999929.32642766,598.6388287007243,598.6388287007243,315
G,293.15613294196436,629.5016899511182,49999906.79568754,694.4800381835317,694.4800381835317,315
B,326.56444113840735,663.4649460324516,49999860.25464314,713.9236873657724,713.9236873657724,315
R,313.8874943148274,627.1569831216892,49999929.32642766,598.6388287007243,598.6388287007243,316
G,293.15613294196436,629.5016899511182,49999906.79568754,694.4800381835317,694.4800381835317,316
B,326.56444113840735,663.4649460324516,49999860.25464314,713.9236873657724,713.9236873657724,316
R,313.88775691250265,627.1565598895512,49999929.32642766,598.6383253720512,598.6383253720512,317
G,292.14627957562215,632.1939845323079,49999905.79922447,698.270660549721,698.270660549721,317
B,325.57081012548025,666.8663008307742,49999859.83867814,719.4767887578669,719.4767887578669,317
R,313.88799325209635,627.1560872081212,49999929.32642766,598.6379434231301,598.6379434231301,318
G,291.14727872941717,634.3347189111092,49999905.19040163,700.2586132325964,700.2586132325964,318
B,324.12182386913133,668.6368709474673,49999858.9000321,722.7015754115226,722.7015754115226,318
R,313.29712664507105,627.6714890968999,49999928.90202797,600.2205270730498,600.2205270730498,319
G,290.0253776358326,635.2549043824556,49999905.19040163,701.7464919473375,701.7464919473375,319
B,324.06433558473657,669.6765428376202,49999858.42204634,722.9257719613518,722.9257719613518,319
R,313.29712664507105,627.6714890968999,49999928.90202797,600.2205270730498,600.2205270730498,320
G,290.0253776358326,635.2549043824556,49999905.19040163,701.7464919473375,701.7464919473375,320
B,324.06433558473657,669.6765428376202,49999858.42204634,722.9257719613518,722.9257719613518,320
R,313.29712664507105,627.6714890968999,49999928.90202797,600.2205270730498,600.2205270730498,321
G,290.0253776358326,635.2549043824556,49999905.19040163,701.7464919473375,701.7464919473375,321
B,324.06433558473657,669.6765428376202,49999858.42204634,722.9257719613518,722.9257719613518,321
R,313.29712664507105,627.6714890968999,49999928.90202797,600.2205270730498,600.2205270730498,322
G,290.0253776358326,635.2549043824556,49999905.19040163,701.7464919473375,701.7464919473375,322
B,324.06433558473657,669.6765428376202,49999858.42204634,722.9257719613518,722.9257719613518,322
R,313.29712664507105,627.6714890968999,49999928.90202797,600.2205270730498,600.2205270730498,323
G,290.0253776358326,635.2549043824556,49999905.19040163,701.7464919473375,701.7464919473375,323
B,324.06433558473657,669.6765428376202,49999858.42204634,722.9257719613518,722.9257719613518,323
R,313.29712664507105,627.6714890968999,49999928.90202797,600.2205270730498,600.2205270730498,324
G,290.0253776358326,635.2549043824556,49999905.19040163,701.7464919473375,701.7464919473375,324
B,324.06433558473657,669.6765428376202,49999858.42204634,722.9257719613518,722.9257719613518,324
R,313.29712664507105,627.6714890968999,49999928.90202797,600.2205270730498,600.2205270730498,325
G,290.0253776358326,635.2549043824556,49999905.19040163,701.7464919473375,701.7464919473375,325
B,324.06433558473657,669.6765428376202,49999858.42204634,722.9257719613518,722.9257719613518,325
R,313.29712664507105,627.6714890968999,49999928.90202797,600.2205270730498,600.2205270730498,326
G,290.0253776358326,635.2549043824556,49999905.19040163,701.7464919473375,701.7464919473375,326
B,324.06433558473657,669.6765428376202,49999858.42204634,722.9257719613518,722.9257719613518,326
R,313.29712664507105,627.6714890968999,49999928.90202797,600.2205270730498,600.2205270730498,327
G,290.0253776358326,635.2549043824556,49999905.19040163,701.7464919473375,701.7464919473375,327
B,324.06433558473657,669.6765428376202,49999858.42204634,722.9257719613518,722.9257719613518,327
R,312.6323324255578,628.8481621609876,49999928.90202797,601.5750469986327,601.5750469986327,328
G,289.26172040034226,636.1900502016807,49999905.19040163,703.1075398968981,703.1075398968981,328
B,323.5480245464456,671.0003686987977,49999858.26910539,724.8527309621129,724.8527309621129,328
G,289.21682082754313,636.0814575696413,49999905.19040163,703.2879495946132,703.2879495946132,329
R,312.01882576181936,631.2567116852101,49999927.91011176,604.7527525623608,604.7527525623608,329
B,323.5331940552698,674.0114730332623,49999857.27659598,724.8966239298886,724.8966239298886,329
G,289.21701846123767,636.0813027471205,49999905.19040163,703.2876857476626,703.2876857476626,330
R,311.40906239931564,633.1412337644517,49999926.92484285,607.1305595139654,607.1305595139654,330
B,323.00460029703606,676.1016498016426,49999856.30543125,727.4353720138232,727.4353720138232,330
