COLOR,W1,W2,W3,W4,W5
B,500.0004037109066,249.9992955679865,50000000.0,199.99923005056738,199.99923005056738
R,497.4152494305085,254.1997154733306,49999997.93109274,208.86486708669827,208.86486708669827
G,497.706184539023,254.79597222344623,49999999.5588245,205.27319679852678,205.27319679852678
B,500.00056112625373,249.99898073632875,50000000.0,199.99889612790696,199.99889612790696
R,496.38292221768756,256.75041846325246,49999997.33991724,210.41497252308045,210.41497252308045
G,496.3053507307161,257.0117506714578,49999998.594569154,209.8376066675726,209.8376066675726
B,500.00077985313567,249.99867690501517,50000000.0,199.9985344731312,199.9985344731312
R,495.493067688161,260.58512068620166,49999997.33991724,212.5181202956955,212.5181202956955
G,495.0539814536466,260.21414957477725,49999998.10445579,213.49993287080204,213.49993287080204
B,499.57814160665924,249.4690950519671,50000000.0,200.05787812838742,200.05787812838742
R,494.7852347476836,262.49401537401457,49999996.52554101,214.9892788847244,214.9892788847244
G,493.8478301726122,261.55747375082825,49999996.761439055,218.2099322175606,218.2099322175606
R,494.7852338603043,262.49339326152324,49999996.52554101,214.98840539824542,214.98840539824542
G,492.5072984678371,262.8203739169443,49999995.83144021,221.55034038744978,221.55034038744978
B,498.59834220674674,250.98849627072997,49999998.562361434,203.61346520143556,203.61346520143556
G,492.50755635974434,262.820089686869,49999995.83144021,221.54995913280553,221.54995913280553
R,494.27697552438855,265.0347976828296,49999996.52554101,217.57910532015663,217.57910532015663
B,497.4382484325015,252.87808597580457,49999997.07790673,207.57911064079653,207.57911064079653
R,493.98248853190785,265.48054920789565,49999996.06357382,218.76443878731163,218.76443878731163
G,491.98422741386196,263.026494254502,49999995.35584939,222.95033507828182,222.95033507828182
B,497.43454009907356,253.60374513028523,49999996.74537561,207.6072981038739,207.6072981038739
R,493.98248853190785,265.48054920789565,49999996.06357382,218.76443878731163,218.76443878731163
G,491.98422741386196,263.026494254502,49999995.35584939,222.95033507828182,222.95033507828182
B,497.43454009907356,253.60374513028523,49999996.74537561,207.6072981038739,207.6072981038739
R,493.98248853190785,265.48054920789565,49999996.06357382,218.76443878731163,218.76443878731163
G,491.98422741386196,263.026494254502,49999995.35584939,222.95033507828182,222.95033507828182
B,497.43454009907356,253.60374513028523,49999996.74537561,207.6072981038739,207.6072981038739
R,493.98248853190785,265.48054920789565,49999996.06357382,218.76443878731163,218.76443878731163
G,491.98422741386196,263.026494254502,49999995.35584939,222.95033507828182,222.95033507828182
B,497.43454009907356,253.60374513028523,49999996.74537561,207.6072981038739,207.6072981038739
R,493.98248853190785,265.48054920789565,49999996.06357382,218.76443878731163,218.76443878731163
G,491.98422741386196,263.026494254502,49999995.35584939,222.95033507828182,222.95033507828182
B,497.43454009907356,253.60374513028523,49999996.74537561,207.6072981038739,207.6072981038739
R,493.98248853190785,265.48054920789565,49999996.06357382,218.76443878731163,218.76443878731163
G,491.98422741386196,263.026494254502,49999995.35584939,222.95033507828182,222.95033507828182
B,497.43454009907356,253.60374513028523,49999996.74537561,207.6072981038739,207.6072981038739
R,493.98248853190785,265.48054920789565,49999996.06357382,218.76443878731163,218.76443878731163
G,491.98422741386196,263.026494254502,49999995.35584939,222.95033507828182,222.95033507828182
B,497.43454009907356,253.60374513028523,49999996.74537561,207.6072981038739,207.6072981038739
R,493.98248853190785,265.48054920789565,49999996.06357382,218.76443878731163,218.76443878731163
G,491.98422741386196,263.026494254502,49999995.35584939,222.95033507828182,222.95033507828182
B,497.43454009907356,253.60374513028523,49999996.74537561,207.6072981038739,207.6072981038739
R,493.31836060395045,266.79645709120797,49999996.06357382,219.80223418925183,219.80223418925183
G,491.36950870311523,264.212453206827,49999995.35584939,224.09827658674143,224.09827658674143
B,496.6243855088165,254.7653864913765,49999996.74537561,208.6063309573096,208.6063309573096
R,492.33842512313805,267.5336679141229,49999996.06357382,220.79133388503118,220.79133388503118
G,490.6843884514329,265.36168168428117,49999995.35584939,225.83248621141655,225.83248621141655
B,496.4452959647771,256.42000080708135,49999996.58032376,210.67578913110273,210.67578913110273
R,491.358492697344,268.27077674736336,49999996.06357382,221.78023602518445,221.78023602518445
G,489.9992676482997,266.51091097347046,49999995.35584939,227.56669711834937,227.56669711834937
B,496.26620570640324,258.0746165514551,49999996.415271915,212.74524869629442,212.74524869629442
G,489.7449404493101,266.13864538129445,49999995.35584939,227.24678018013057,227.24678018013057
R,490.0540357618873,270.5284525359629,49999995.73507382,224.48966980882244,224.48966980882244
B,495.699655488492,260.9100007888217,49999995.42051533,215.42233333093216,215.42233333093216
B,495.69980744699626,260.9096968734147,49999995.42051533,215.42202896235352,215.42202896235352
R,488.56817484232727,273.23709888650734,49999995.73507382,228.3973226021612,228.3973226021612
G,488.3106554929341,268.81883877697993,49999994.45585105,231.21743805034743,231.21743805034743
R,488.57192359161195,273.12317527283096,49999995.73507382,228.17674566763375,228.17674566763375
G,487.34358693872497,272.4166439202961,49999994.45585105,232.89620288289743,232.89620288289743
B,495.15772573267094,264.9283651871404,49999994.92053143,217.86727429511012,217.86727429511012
B,495.15790829657027,264.92802329780625,49999994.92053143,217.86696179277058,217.86696179277058
R,486.13451292162074,275.6891002778732,49999995.48007382,229.92569805325235,229.92569805325235
G,485.3610447163271,275.4977108436291,49999994.45585105,237.06220027964787,237.06220027964787
B,495.15810754169553,264.92768174060643,49999994.92053143,217.86659754960823,217.86659754960823
R,484.34632761663164,277.78603126088507,49999995.00025062,235.61059839433744,235.61059839433744
G,483.70229127013647,277.72369004055565,49999993.956665255,240.60679420310694,240.60679420310694
B,495.158330591661,264.92736435721326,49999994.92053143,217.86623924643305,217.86623924643305
R,483.5344977020301,280.78034810698233,49999994.51013726,238.5369940819703,238.5369940819703
G,481.6349249849941,279.55145264651344,49999993.62816525,243.25427530168767,243.25427530168767
G,481.6351256814378,279.5511729892838,49999993.62816525,243.25395915752594,243.25395915752594
R,481.32145741543746,282.4087727612534,49999993.79631441,240.19091314242266,240.19091314242266
B,494.5983049385597,268.3314984684016,49999994.42110138,220.30019601347058,220.30019601347058
B,494.5985013390314,268.3311548024505,49999994.42110138,220.29981769808626,220.29981769808626
R,480.2252821415215,285.0311559368357,49999992.88519386,243.13552390124718,243.13552390124718
G,479.4808408035936,281.0430873116087,49999993.478165254,245.40539553809583,245.40539553809583
R,480.225470950504,285.0307579292166,49999992.88519386,243.13524000602237,243.13524000602237
G,477.431525782803,283.5156988231485,49999993.478165254,249.77844542651943,249.77844542651943
B,493.73056564765307,271.9799158359049,49999993.92167132,223.18976744612107,223.18976744612107
R,479.7503198640482,285.7583799425703,49999992.7252528,244.45497746604912,244.45497746604912
G,476.5211765630309,283.9640652446458,49999993.3252243,251.16761701142784,251.16761701142784
B,493.04710047248267,272.5001683941593,49999993.438834295,224.50594876509743,224.50594876509743
B,493.047296170169,272.4998257165389,49999993.438834295,224.50557089142762,224.50557089142762
R,478.1292991012904,287.086243676112,49999991.40897176,248.61121894888967,248.61121894888967
G,475.3329810545377,285.777144940343,49999992.884048805,254.08056017899125,254.08056017899125
B,493.04744613623814,272.49952578415406,49999993.438834295,224.5052613324057,224.5052613324057
R,477.45341011806664,290.4114167944347,49999990.53890839,252.04798128364465,252.04798128364465
G,473.35246006554405,287.54783680460105,49999992.884048805,257.2769721742614,257.2769721742614
R,476.7891493274314,291.73993837570515,49999990.53890839,253.65090900625145,253.65090900625145
G,472.5304719103168,288.7186987903467,49999992.884048805,259.04226807565675,259.04226807565675
B,492.3831760502157,273.828065956199,49999993.438834295,225.8267355462486,225.8267355462486
R,476.78939136071614,291.7396073560619,49999990.53890839,253.65041436517814,253.65041436517814
G,471.93548769220166,292.4592460557029,49999992.398172565,261.66156783185016,261.66156783185016
B,490.72522159033883,276.88793748567014,49999993.1103343,228.8648300296542,228.8648300296542
G,471.93565937964985,292.4589125503628,49999992.398172565,261.6611462494459,261.6611462494459
R,475.18703890145866,294.05355914935996,49999989.6431202,255.43805706951133,255.43805706951133
B,488.6491332879131,279.3607162514562,49999992.9603343,230.9055034753374,230.9055034753374
R,474.52277851338187,295.38207992551355,49999989.6431202,257.0409828577589,257.0409828577589
G,471.1136714944771,293.6297748193229,49999992.398172565,263.4264420824754,263.4264420824754
B,487.9848633362031,280.6892561548762,49999992.9603343,232.22697600192146,232.22697600192146
G,471.1138878113932,293.62948698889164,49999992.398172565,263.42608559207093,263.42608559207093
R,473.62591054947995,299.22252822228074,49999989.6431202,259.3219751231122,259.3219751231122
B,486.58501419619165,284.01250270828257,49999992.5443693,236.7425926053417,236.7425926053417
R,472.9616512118493,300.55104689754205,49999989.6431202,260.9248779738863,260.9248779738863
G,470.29189955490966,294.80035006267934,49999992.398172565,265.1913825165376,265.1913825165376
B,485.9207427405989,285.3410456194681,49999992.5443693,238.06406763115908,238.06406763115908
G,470.03746853534665,294.42795989411434,49999992.398172565,264.8713888993764,264.8713888993764
R,471.8136470568938,304.48871143577946,49999989.6431202,263.913951550944,263.913951550944
B,483.48982689232434,287.096395866225,49999991.51926376,241.34579913293098,241.34579913293098
G,470.0376312667203,294.4276509120726,49999992.398172565,264.87104527246373,264.87104527246373
R,471.6683838940201,307.2966688051019,49999988.743121855,264.8185726820019,264.8185726820019
B,482.8806947496379,289.5086826506554,49999990.527499326,244.21676187985364,244.21676187985364
R,471.0041268090959,308.6251829749503,49999988.743121855,266.42148704270113,266.42148704270113
G,469.2156427584967,295.59851460673485,49999992.398172565,266.6363430171254,266.6363430171254
B,482.21642145325086,290.8372292434295,49999990.527499326,245.53823993132428,245.53823993132428
G,469.215804335364,295.598206000115,49999992.398172565,266.63599756690223,266.63599756690223
R,470.8589206448092,311.4331340114661,49999987.84312351,267.33017712624286,267.33017712624286
B,481.60728832194263,293.24951771492164,49999989.53573489,248.4092044959184,248.4092044959184
R,470.1946640771117,312.7616471468611,49999987.84312351,268.93306899972083,268.93306899972083
G,468.39381546189196,296.7690704902115,49999992.398172565,268.4012963896435,268.4012963896435
B,480.9430141682747,294.5780660222575,49999989.53573489,249.73068382094147,249.73068382094147
R,470.19491278187985,312.7613027905257,49999987.84312351,268.9325462997132,268.9325462997132
G,467.4392521379119,300.2561272862899,49999992.398172565,269.726554983582,269.726554983582
B,479.9378700519019,297.5649310182112,49999988.37169054,250.5149277365954,250.5149277365954
B,479.9380174690819,297.56463618200416,49999988.37169054,250.51461137733196,250.51461137733196
R,467.67278922288364,314.7956121025468,49999987.84312351,272.26070333520244,272.26070333520244
G,465.762679518772,303.2060206930372,49999992.14317257,273.5055626280371,273.5055626280371
R,467.67309257810246,314.79534746439333,49999987.84312351,272.2602296323121,272.2602296323121
G,464.76135868350167,306.37548468662675,49999991.50729633,276.8133681344626,276.8133681344626
B,479.04478792858026,300.7218000166696,49999987.87653499,250.310069565537,250.310069565537
R,467.0088351571811,316.123862306236,49999987.84312351,273.86312174936165,273.86312174936165
G,463.9393705812814,307.5463497851429,49999991.50729633,278.57866667168486,278.57866667168486
B,478.38051761470666,302.0503406444168,49999987.87653499,251.63153876043054,251.63153876043054
B,478.3806666158389,302.0500426403053,49999987.87653499,251.6312186382005,251.6312186382005
R,464.4867057411006,318.15816505834476,49999987.84312351,277.19129153382187,277.19129153382187
G,462.26279872535196,310.49624574615467,49999991.252296336,282.3576894164132,282.3576894164132
G,462.2629958961053,310.4959645904443,49999991.252296336,282.3572907383909,282.3572907383909
R,461.62200159806395,320.6196655516551,49999987.84312351,280.10870004552675,280.10870004552675
B,477.18926427159516,306.35193109898375,49999987.87653499,255.12847858773478,255.12847858773478
R,461.62222063617935,320.6192979925764,49999987.84312351,280.1081768880049,280.1081768880049
G,461.7347703285767,313.14111406194644,49999990.10880244,284.4941291803718,284.4941291803718
B,475.83319449772273,308.2305815965019,49999986.9255358,257.8895930097255,257.8895930097255
R,460.9579626125954,321.9478140397443,49999987.84312351,281.7110671225079,281.7110671225079
G,460.91278172830266,314.311981098197,49999990.10880244,286.2594299350987,286.2594299350987
B,475.1689233641582,309.559123863631,49999986.9255358,259.21106259459174,259.21106259459174
B,475.169122070296,309.55879232028036,49999986.9255358,259.2107515606553,259.2107515606553
R,460.47076852627055,324.7086615333791,49999987.345497295,284.3066459724144,284.3066459724144
G,460.7851089350107,317.4492156207882,49999989.11600236,286.9979089217461,286.9979089217461
R,460.4444242839656,324.65819210951395,49999987.345497295,284.479722342332,284.479722342332
G,459.8833793442282,318.2036778315353,49999987.676211014,291.8696566089658,291.8696566089658
B,475.13999896046556,311.18360673689494,49999985.43097471,259.40139052693183,259.40139052693183
B,475.1404059377513,311.1831479161251,49999985.43097471,259.2204247878656,259.2204247878656
R,460.442192218857,327.6206160086808,49999986.84666045,284.4833483841949,284.4833483841949
G,458.7679192083466,320.03714749136964,49999986.21311882,297.1967908946753,297.1967908946753
R,460.4424399574361,327.62027164119763,49999986.84666045,284.48279115304877,284.48279115304877
G,457.89900726249374,323.78557464352167,49999985.46865382,300.8347787534477,300.8347787534477
B,473.32684617092576,314.4185964842508,49999985.43097471,263.20074294252083,263.20074294252083
G,457.6445373149208,323.4131533532862,49999985.46865382,300.5147712343726,300.5147712343726
R,459.3223079503343,330.3901781658192,49999986.84666045,286.56881206165133,286.56881206165133
B,471.6227375492323,315.7618132363174,49999983.96173964,267.4901514441072,267.4901514441072
R,459.3225560546108,330.38983130628617,49999986.84666045,286.56830699186673,286.56830699186673
G,456.6391276179113,324.9038975179515,49999984.107989736,304.99131107625556,304.99131107625556
B,470.3263596945553,316.9163346458403,49999983.02309359,270.3658712645608,270.3658712645608
G,456.63939761875304,324.90370862928296,49999984.107989736,304.99090164693195,304.99090164693195
R,459.32196744881793,332.93298030055234,49999985.84712647,286.569895887092,286.569895887092
B,469.05323916155163,318.18720626011503,49999982.03301308,274.2566093073532,274.2566093073532
R,458.62985418453104,333.2190857390717,49999985.5308144,287.8497265240409,287.8497265240409
G,456.0706033935954,325.4579618814604,49999983.822276235,306.4868822477178,306.4868822477178
B,468.46419340602364,318.52210858359126,49999981.57534067,274.3048143499202,274.3048143499202
R,458.62985418453104,333.2190857390717,49999985.5308144,287.8497265240409,287.8497265240409
G,456.0706033935954,325.4579618814604,49999983.822276235,306.4868822477178,306.4868822477178
B,468.46419340602364,318.52210858359126,49999981.57534067,274.3048143499202,274.3048143499202
R,458.62985418453104,333.2190857390717,49999985.5308144,287.8497265240409,287.8497265240409
G,456.0706033935954,325.4579618814604,49999983.822276235,306.4868822477178,306.4868822477178
B,468.46419340602364,318.52210858359126,49999981.57534067,274.3048143499202,274.3048143499202
R,458.62985418453104,333.2190857390717,49999985.5308144,287.8497265240409,287.8497265240409
G,456.0706033935954,325.4579618814604,49999983.822276235,306.4868822477178,306.4868822477178
B,468.46419340602364,318.52210858359126,49999981.57534067,274.3048143499202,274.3048143499202
R,458.62985418453104,333.2190857390717,49999985.5308144,287.8497265240409,287.8497265240409
G,456.0706033935954,325.4579618814604,49999983.822276235,306.4868822477178,306.4868822477178
B,468.46419340602364,318.52210858359126,49999981.57534067,274.3048143499202,274.3048143499202
R,458.62985418453104,333.2190857390717,49999985.5308144,287.8497265240409,287.8497265240409
G,456.0706033935954,325.4579618814604,49999983.822276235,306.4868822477178,306.4868822477178
B,468.46419340602364,318.52210858359126,49999981.57534067,274.3048143499202,274.3048143499202
R,458.62985418453104,333.2190857390717,49999985.5308144,287.8497265240409,287.8497265240409
G,456.0706033935954,325.4579618814604,49999983.822276235,306.4868822477178,306.4868822477178
B,468.46419340602364,318.52210858359126,49999981.57534067,274.3048143499202,274.3048143499202
R,458.62985418453104,333.2190857390717,49999985.5308144,287.8497265240409,287.8497265240409
G,456.0706033935954,325.4579618814604,49999983.822276235,306.4868822477178,306.4868822477178
B,468.46419340602364,318.52210858359126,49999981.57534067,274.3048143499202,274.3048143499202
R,458.62985418453104,333.2190857390717,49999985.5308144,287.8497265240409,287.8497265240409
G,456.0706033935954,325.4579618814604,49999983.822276235,306.4868822477178,306.4868822477178
B,468.46419340602364,318.52210858359126,49999981.57534067,274.3048143499202,274.3048143499202
R,457.70233548535117,334.1849392296003,49999985.5308144,289.98104020425114,289.98104020425114
G,455.0946427792178,325.83095928353384,49999983.57412124,307.9582316106718,307.9582316106718
B,467.9772057345987,319.4565765487787,49999981.24592904,275.3702859635976,275.3702859635976
R,457.70233548535117,334.1849392296003,49999985.5308144,289.98104020425114,289.98104020425114
G,455.0946427792178,325.83095928353384,49999983.57412124,307.9582316106718,307.9582316106718
B,467.9772057345987,319.4565765487787,49999981.24592904,275.3702859635976,275.3702859635976
R,457.70233548535117,334.1849392296003,49999985.5308144,289.98104020425114,289.98104020425114
G,455.0946427792178,325.83095928353384,49999983.57412124,307.9582316106718,307.9582316106718
B,467.9772057345987,319.4565765487787,49999981.24592904,275.3702859635976,275.3702859635976
R,457.70233548535117,334.1849392296003,49999985.5308144,289.98104020425114,289.98104020425114
G,455.0946427792178,325.83095928353384,49999983.57412124,307.9582316106718,307.9582316106718
B,467.9772057345987,319.4565765487787,49999981.24592904,275.3702859635976,275.3702859635976
R,457.70233548535117,334.1849392296003,49999985.5308144,289.98104020425114,289.98104020425114
G,455.0946427792178,325.83095928353384,49999983.57412124,307.9582316106718,307.9582316106718
B,467.9772057345987,319.4565765487787,49999981.24592904,275.3702859635976,275.3702859635976
R,457.70233548535117,334.1849392296003,49999985.5308144,289.98104020425114,289.98104020425114
G,455.0946427792178,325.83095928353384,49999983.57412124,307.9582316106718,307.9582316106718
B,467.9772057345987,319.4565765487787,49999981.24592904,275.3702859635976,275.3702859635976
R,457.70233548535117,334.1849392296003,49999985.5308144,289.98104020425114,289.98104020425114
G,455.0946427792178,325.83095928353384,49999983.57412124,307.9582316106718,307.9582316106718
B,467.9772057345987,319.4565765487787,49999981.24592904,275.3702859635976,275.3702859635976
R,457.70233548535117,334.1849392296003,49999985.5308144,289.98104020425114,289.98104020425114
G,455.0946427792178,325.83095928353384,49999983.57412124,307.9582316106718,307.9582316106718
B,467.9772057345987,319.4565765487787,49999981.24592904,275.3702859635976,275.3702859635976
R,457.0102213775894,334.4710484570403,49999985.214502335,291.310873390709,291.310873390709
G,454.5258485776224,326.3852161965616,49999983.288407736,309.4542165881152,309.4542165881152
B,467.3881425109696,319.7914602522996,49999980.78825663,275.4186350088991,275.4186350088991
R,457.0102213775894,334.4710484570403,49999985.214502335,291.310873390709,291.310873390709
G,454.5258485776224,326.3852161965616,49999983.288407736,309.4542165881152,309.4542165881152
B,467.3881425109696,319.7914602522996,49999980.78825663,275.4186350088991,275.4186350088991
R,457.0102213775894,334.4710484570403,49999985.214502335,291.310873390709,291.310873390709
G,454.5258485776224,326.3852161965616,49999983.288407736,309.4542165881152,309.4542165881152
B,467.3881425109696,319.7914602522996,49999980.78825663,275.4186350088991,275.4186350088991
R,457.0102213775894,334.4710484570403,49999985.214502335,291.310873390709,291.310873390709
G,454.5258485776224,326.3852161965616,49999983.288407736,309.4542165881152,309.4542165881152
B,467.3881425109696,319.7914602522996,49999980.78825663,275.4186350088991,275.4186350088991
R,457.0102213775894,334.4710484570403,49999985.214502335,291.310873390709,291.310873390709
G,454.5258485776224,326.3852161965616,49999983.288407736,309.4542165881152,309.4542165881152
B,467.3881425109696,319.7914602522996,49999980.78825663,275.4186350088991,275.4186350088991
R,457.0102213775894,334.4710484570403,49999985.214502335,291.310873390709,291.310873390709
G,454.5258485776224,326.3852161965616,49999983.288407736,309.4542165881152,309.4542165881152
B,467.3881425109696,319.7914602522996,49999980.78825663,275.4186350088991,275.4186350088991
R,457.0102213775894,334.4710484570403,49999985.214502335,291.310873390709,291.310873390709
G,454.5258485776224,326.3852161965616,49999983.288407736,309.4542165881152,309.4542165881152
B,467.3881425109696,319.7914602522996,49999980.78825663,275.4186350088991,275.4186350088991
R,457.0102213775894,334.4710484570403,49999985.214502335,291.310873390709,291.310873390709
G,454.5258485776224,326.3852161965616,49999983.288407736,309.4542165881152,309.4542165881152
B,467.3881425109696,319.7914602522996,49999980.78825663,275.4186350088991,275.4186350088991
R,457.0102213775894,334.4710484570403,49999985.214502335,291.310873390709,291.310873390709
G,454.5258485776224,326.3852161965616,49999983.288407736,309.4542165881152,309.4542165881152
B,467.3881425109696,319.7914602522996,49999980.78825663,275.4186350088991,275.4186350088991
R,457.0105293320393,334.47078258093273,49999985.214502335,291.31036254433315,291.31036254433315
G,453.5206795365591,329.55087372245674,49999982.6525315,312.7637110839836,312.7637110839836
B,466.5886368057805,323.0418365711731,49999980.29310108,275.2319823147662,275.2319823147662
G,453.5208390585664,329.5505571430554,49999982.6525315,312.7634022258457,312.7634022258457
R,455.0023180360822,336.1092420137549,49999984.71566549,293.31392597335554,293.31392597335554
B,465.3831266944933,325.56600759597325,49999979.58465108,278.5770730362548,278.5770730362548
B,465.38332138642755,325.5656830049148,49999979.58465108,278.5767697041978,278.5767697041978
R,454.48312543888073,339.08234063176576,49999984.22555213,295.7269522807807,295.7269522807807
G,452.27783875497147,331.7683476441936,49999981.77374465,317.57604252343265,317.57604252343265
R,454.48337388455855,339.08199343572596,49999984.22555213,295.72636862668924,295.72636862668924
G,451.3356748401923,334.0852070293238,49999981.27455886,319.1681423613884,319.1681423613884
B,464.33206420887444,327.6622127046767,49999978.58644958,280.8490769770606,280.8490769770606
R,454.4836234201049,339.0816472020735,49999984.22555213,295.7257867708637,295.7257867708637
G,450.1024422499672,338.16797827431054,49999981.27455886,322.15131470517633,322.15131470517633
B,463.5373784489602,330.71015304547626,49999977.34559809,281.8600311862342,281.8600311862342
R,454.4068964431221,338.9347816640519,49999984.22555213,295.62482565575795,295.62482565575795
G,448.6879922179927,340.25379240153234,49999980.627949975,324.45502411467646,324.45502411467646
B,462.992280689183,333.659203963477,49999976.35991734,284.26507977402804,284.26507977402804
G,448.6881794725859,340.2535286190307,49999980.627949975,324.45464467164317,324.45464467164317
R,453.81956010360364,342.79547969259613,49999983.80958713,298.3361295238508,298.3361295238508
B,461.55040066925136,337.1878742773374,49999976.35991734,288.7058949564174,288.7058949564174
R,453.1553050485482,344.123989802707,49999983.80958713,299.9390032837709,299.9390032837709
G,447.86618212909,341.42441366503976,49999980.627949975,326.21997044960904,326.21997044960904
B,460.88612580562284,338.51642400459446,49999976.35991734,290.0273672102103,290.0273672102103
R,453.15555557565676,344.12363792056755,49999983.80958713,299.93841411662436,299.93841411662436
G,446.63294371569737,345.5071858080961,49999980.627949975,329.2031571940786,329.2031571940786
B,460.0914075649734,341.5643297283528,49999975.11906585,291.038551705993,291.038551705993
G,446.6331312200845,345.50692195028967,49999980.627949975,329.2027765305234,329.2027765305234
R,451.72395379350996,346.66525264304096,49999982.98862213,304.0964106994338,304.0964106994338
B,458.705068321251,344.544857955449,49999974.864065856,295.4764270673235,295.4764270673235
B,458.70522115498716,344.54455229289727,49999974.864065856,295.4761587687912,295.4761587687912
R,450.3395852324588,348.67743087299596,49999981.7068309,309.1786871988777,309.1786871988777
G,445.3505915541509,347.7350570882285,49999980.627949975,332.48387151608944,332.48387151608944
R,449.67532588419556,350.0059495695224,49999981.7068309,310.78156932473337,310.78156932473337
G,444.528594348988,348.90594332320296,49999980.627949975,334.2491982849574,334.2491982849574
B,458.04094603942,345.8731025240315,49999974.864065856,296.797630105411,296.797630105411
G,444.52878993318586,348.90570281617175,49999980.627949975,334.2488572053484,334.2488572053484
R,448.8554816898836,352.95276521422545,49999980.95240084,313.5008183675661,313.5008183675661
B,457.19957273306517,348.89218168430654,49999974.44810086,297.99803817774676,297.99803817774676
G,444.5289318018191,348.90537188893853,49999980.627949975,334.2488621930022,334.2488621930022
R,447.97479133315323,355.19325144211535,49999980.45724529,316.34274464632074,316.34274464632074
B,455.9878518195064,350.78700420926265,49999973.533299014,299.9306166790731,299.9306166790731
B,455.9879950382365,350.7867177708291,49999973.533299014,299.93032949879006,299.93032949879006
R,447.7481369080458,356.90623401558116,49999979.1649438,316.8661991402894,316.8661991402894
G,443.476036039383,349.5684260379572,49999979.24812843,340.1595307794922,340.1595307794922
R,446.75611944769213,357.9136193602275,49999979.1649438,318.04309264121105,318.04309264121105
G,442.49948120583946,350.59140088172893,49999979.24812843,341.0171287741928,341.0171287741928
B,455.3096781898026,352.08943833790437,49999973.533299014,300.7468410166944,300.7468410166944
R,446.75632366000326,357.91326991924126,49999979.1649438,318.0427791171572,318.0427791171572
G,441.36104350138686,353.78014921996845,49999978.373340584,344.1530574515625,344.1530574515625
B,454.2909579020177,355.39423216706945,49999973.533299014,303.2764155968304,303.2764155968304
R,446.5996159146133,358.5464882553456,49999978.87492268,318.73938011235975,318.73938011235975
G,441.09352579122464,354.33394095917015,49999977.92425597,345.896982384749,345.896982384749
B,453.39092705926595,355.28597872722315,49999973.06292833,303.9776242219816,303.9776242219816
R,446.5996159146133,358.5464882553456,49999978.87492268,318.73938011235975,318.73938011235975
G,441.09352579122464,354.33394095917015,49999977.92425597,345.896982384749,345.896982384749
B,453.39092705926595,355.28597872722315,49999973.06292833,303.9776242219816,303.9776242219816
R,446.5996159146133,358.5464882553456,49999978.87492268,318.73938011235975,318.73938011235975
G,441.09352579122464,354.33394095917015,49999977.92425597,345.896982384749,345.896982384749
B,453.39092705926595,355.28597872722315,49999973.06292833,303.9776242219816,303.9776242219816
R,446.5996159146133,358.5464882553456,49999978.87492268,318.73938011235975,318.73938011235975
G,441.09352579122464,354.33394095917015,49999977.92425597,345.896982384749,345.896982384749
B,453.39092705926595,355.28597872722315,49999973.06292833,303.9776242219816,303.9776242219816
R,446.5996159146133,358.5464882553456,49999978.87492268,318.73938011235975,318.73938011235975
G,441.09352579122464,354.33394095917015,49999977.92425597,345.896982384749,345.896982384749
B,453.39092705926595,355.28597872722315,49999973.06292833,303.9776242219816,303.9776242219816
R,446.5996159146133,358.5464882553456,49999978.87492268,318.73938011235975,318.73938011235975
G,441.09352579122464,354.33394095917015,49999977.92425597,345.896982384749,345.896982384749
B,453.39092705926595,355.28597872722315,49999973.06292833,303.9776242219816,303.9776242219816
R,446.5996159146133,358.5464882553456,49999978.87492268,318.73938011235975,318.73938011235975
G,441.09352579122464,354.33394095917015,49999977.92425597,345.896982384749,345.896982384749
B,453.39092705926595,355.28597872722315,49999973.06292833,303.9776242219816,303.9776242219816
R,446.5996159146133,358.5464882553456,49999978.87492268,318.73938011235975,318.73938011235975
G,441.09352579122464,354.33394095917015,49999977.92425597,345.896982384749,345.896982384749
B,453.39092705926595,355.28597872722315,49999973.06292833,303.9776242219816,303.9776242219816
R,445.60759675346947,359.5538713039517,49999978.87492268,319.77769257446965,319.77769257446965
G,440.1269454834337,355.36688860335136,49999977.92425597,346.7651018378127,346.7651018378127
B,452.71265927036376,356.5887463595695,49999973.06292833,304.79424583032215,304.79424583032215
R,445.60780719472046,359.5534951233528,49999978.87492268,319.77713993155254,319.77713993155254
G,438.70593322611916,357.8688978712314,49999976.693914734,351.2347302714519,351.2347302714519
B,451.2980620955358,359.2264850925527,49999972.807928324,307.02288761192096,307.02288761192096
G,438.70607583620597,357.86861919097805,49999976.693914734,351.234419443139,351.234419443139
R,444.4973067712927,361.44728194825626,49999978.30895768,322.3075388703543,322.3075388703543
B,450.00413941351064,361.1652129977376,49999971.81616389,310.6236282502581,310.6236282502581
G,438.70625724504566,357.868365688729,49999976.693914734,351.2340515852936,351.2340515852936
R,443.90996655162246,365.30798537603977,49999977.89299268,325.0188478325135,325.0188478325135
B,448.5216689739228,364.6299245435757,49999971.81616389,314.9634158011077,314.9634158011077
B,448.52180995538646,364.62964257967496,49999971.81616389,314.96313306702365,314.96313306702365
R,443.68331310430165,367.0209589100608,49999976.60069119,325.54232702454703,325.54232702454703
G,437.65428139714055,358.528833308418,49999975.31409319,357.14249008385514,357.14249008385514
G,437.6544592042114,358.5285849009725,49999975.31409319,357.1421283374111,357.1421283374111
R,443.09597478323195,370.88165877749304,49999976.18472619,328.25363107413557,328.25363107413557
B,447.03926477799286,368.09424654926204,49999971.81616389,319.3027457621497,319.3027457621497
G,437.65466184426754,358.5283496544717,49999975.31409319,357.14190454151594,357.14190454151594
R,440.9491583932824,373.2222280973551,49999976.18472619,331.1221921838641,331.1221921838641
B,446.54233594066517,371.7153374256378,49999971.31619675,322.21846893312585,322.21846893312585
G,437.65483939915873,358.5280833422121,49999975.31409319,357.14160632226685,357.14160632226685
R,440.1549604468069,375.9411292452227,49999975.7135502,333.7663131266683,333.7663131266683
B,445.9948417943102,374.6931745830809,49999970.33874734,324.68110890960975,324.68110890960975
R,440.1552742200201,375.94086033646073,49999975.7135502,333.76564358230866,333.76564358230866
G,436.4393323652507,361.654797127035,49999974.83426999,359.90905815233265,359.90905815233265
B,445.1921725635666,378.1108494041363,49999969.84566798,324.50985234577746,324.50985234577746
R,440.15552336132293,375.9405057096986,49999975.7135502,333.76491179421333,333.76491179421333
G,435.20609361744096,365.7375873001126,49999974.83426999,362.89224842743914,362.89224842743914
B,444.3974086790347,381.158700185908,49999968.60481649,325.5212521168106,325.5212521168106
B,444.39760375126923,381.1583746051732,49999968.60481649,325.52095098414793,325.52095098414793
R,439.5444095623907,378.7820402542893,49999975.22343684,336.0570751406269,336.0570751406269
G,433.96308289759116,367.95539393121646,49999973.955483146,367.70490750015443,367.70490750015443
G,433.963260435095,367.9551474671353,49999973.955483146,367.7045496617922,367.7045496617922
R,437.801717415421,381.14756589028974,49999974.968436845,339.3511410170342,339.3511410170342
B,442.6837418190986,383.914502679368,49999968.276316494,328.58177207647253,328.58177207647253
R,437.8019701991434,381.14720655587547,49999974.968436845,339.35036920372016,339.35036920372016
G,432.7300188925635,372.037940736472,49999973.955483146,370.6877482470862,370.6877482470862
B,441.88897533676965,386.96234590321785,49999967.035465,329.5931669046042,329.5931669046042
R,436.87295080827954,382.11286087301545,49999974.968436845,341.4751592989825,341.4751592989825
G,431.85858285079553,372.3456052664463,49999973.70732815,372.2202026134227,372.2202026134227
B,441.4019866380555,387.89681592298365,49999966.70605337,330.6586403640321,330.6586403640321
R,436.87295080827954,382.11286087301545,49999974.968436845,341.4751592989825,341.4751592989825
G,431.85858285079553,372.3456052664463,49999973.70732815,372.2202026134227,372.2202026134227
B,441.4019866380555,387.89681592298365,49999966.70605337,330.6586403640321,330.6586403640321
R,436.87295080827954,382.11286087301545,49999974.968436845,341.4751592989825,341.4751592989825
G,431.85858285079553,372.3456052664463,49999973.70732815,372.2202026134227,372.2202026134227
B,441.4019866380555,387.89681592298365,49999966.70605337,330.6586403640321,330.6586403640321
R,436.87295080827954,382.11286087301545,49999974.968436845,341.4751592989825,341.4751592989825
G,431.85858285079553,372.3456052664463,49999973.70732815,372.2202026134227,372.2202026134227
B,441.4019866380555,387.89681592298365,49999966.70605337,330.6586403640321,330.6586403640321
R,436.87295080827954,382.11286087301545,49999974.968436845,341.4751592989825,341.4751592989825
G,431.85858285079553,372.3456052664463,49999973.70732815,372.2202026134227,372.2202026134227
B,441.4019866380555,387.89681592298365,49999966.70605337,330.6586403640321,330.6586403640321
R,436.87295080827954,382.11286087301545,49999974.968436845,341.4751592989825,341.4751592989825
G,431.85858285079553,372.3456052664463,49999973.70732815,372.2202026134227,372.2202026134227
B,441.4019866380555,387.89681592298365,49999966.70605337,330.6586403640321,330.6586403640321
R,436.87295080827954,382.11286087301545,49999974.968436845,341.4751592989825,341.4751592989825
G,431.85858285079553,372.3456052664463,49999973.70732815,372.2202026134227,372.2202026134227
B,441.4019866380555,387.89681592298365,49999966.70605337,330.6586403640321,330.6586403640321
R,436.87295080827954,382.11286087301545,49999974.968436845,341.4751592989825,341.4751592989825
G,431.85858285079553,372.3456052664463,49999973.70732815,372.2202026134227,372.2202026134227
B,441.4019866380555,387.89681592298365,49999966.70605337,330.6586403640321,330.6586403640321
B,441.4021278436564,387.8965335106862,49999966.70605337,330.6583317495486,330.6583317495486
R,433.914356967534,383.50805193410883,49999974.968436845,345.05951385497497,345.05951385497497
G,430.94100323085456,375.90528603274714,49999973.32737815,377.22357955477327,377.22357955477327
B,441.40226904947883,387.89625109849186,49999966.70605337,330.65802313428554,330.65802313428554
R,432.5840595040605,386.092670156029,49999974.49726085,349.90579922884405,349.90579922884405
G,428.15171927637704,377.20584881554277,49999973.32737815,378.98145698871775,378.98145698871775
G,428.15185640889104,377.2055785631341,49999973.32737815,378.98115598809505,378.98115598809505
R,432.37191545231076,388.9311260239179,49999973.584909365,350.7331712605973,350.7331712605973
B,440.8291499827008,390.4769083075208,49999965.714288935,333.3644057504959,333.3644057504959
R,431.7077792099138,390.24705045067884,49999973.584909365,351.7709794918155,351.7709794918155
G,427.5371627093071,378.39143595895416,49999973.32737815,380.1293633475917,380.1293633475917
B,440.01902070923853,391.63856429924243,49999965.714288935,334.36349724887793,334.36349724887793
R,431.70803131473934,390.24668686444926,49999973.584909365,351.77004007086566,351.77004007086566
G,426.3039166299789,382.47423228537707,49999973.32737815,383.1125752790099,383.1125752790099
B,439.22425134813517,394.6863992644588,49999964.47343744,335.3748747792281,335.3748747792281
G,426.3040938578218,382.4739868294324,49999973.32737815,383.1122144125408,383.1122144125408
R,431.12069111668274,394.1073888156432,49999973.16894437,354.48134555931085,354.48134555931085
B,437.7414650978296,398.1507570858614,49999964.47343744,339.71388170431703,339.71388170431703
R,430.32732646694444,395.20509143708534,49999973.16894437,355.5243847447459,355.5243847447459
G,425.3881038804402,383.4334234859365,49999973.32737815,384.2002923975805,384.2002923975805
B,436.6072911160912,399.0094476534172,49999964.47343744,340.8927074516767,340.8927074516767
R,430.32758706198905,395.2048098959025,49999973.16894437,355.5240633756777,355.5240633756777
G,424.85361617201306,386.10758504831057,49999972.34775044,386.5975130665488,386.5975130665488
B,436.0227949176745,401.58525198540553,49999963.47856117,343.39296265847605,343.39296265847605
G,424.8537530850113,386.1073132417041,49999972.34775044,386.59721078062864,386.59721078062864
R,430.16098882832665,397.9037191895831,49999972.230298325,356.26249091399114,356.26249091399114
B,435.44645897999135,403.96640486725454,49999962.48432607,346.2354779909373,346.2354779909373
R,430.1612525963166,397.90333228278774,49999972.230298325,356.2612380438983,356.2612380438983
G,424.02653079329286,389.3132404605664,49999971.867927246,389.6012036230731,389.6012036230731
B,434.39126451006035,406.50793083742235,49999961.49154431,348.54836107276276,348.54836107276276
G,424.0267078630661,389.31299514004746,49999971.867927246,389.6008401613892,389.6008401613892
R,428.08274886922663,399.0519585579598,49999971.74018496,360.211716264442,360.211716264442
B,433.53970731269357,408.812872203104,49999960.52160775,351.13383921611023,351.13383921611023
R,428.015837359302,399.94114826674655,49999971.57464867,360.7688314414478,360.7688314414478
G,423.2214810209673,389.53881347811955,49999971.53577289,390.81707659970067,390.81707659970067
B,433.2101978007176,409.5056987259613,49999960.0416773,352.81820901494916,352.81820901494916
R,428.015837359302,399.94114826674655,49999971.57464867,360.7688314414478,360.7688314414478
G,423.2214810209673,389.53881347811955,49999971.53577289,390.81707659970067,390.81707659970067
B,433.2101978007176,409.5056987259613,49999960.0416773,352.81820901494916,352.81820901494916
R,428.015837359302,399.94114826674655,49999971.57464867,360.7688314414478,360.7688314414478
G,423.2214810209673,389.53881347811955,49999971.53577289,390.81707659970067,390.81707659970067
B,433.2101978007176,409.5056987259613,49999960.0416773,352.81820901494916,352.81820901494916
R,428.015837359302,399.94114826674655,49999971.57464867,360.7688314414478,360.7688314414478
G,423.2214810209673,389.53881347811955,49999971.53577289,390.81707659970067,390.81707659970067
B,433.2101978007176,409.5056987259613,49999960.0416773,352.81820901494916,352.81820901494916
R,428.015837359302,399.94114826674655,49999971.57464867,360.7688314414478,360.7688314414478
G,423.2214810209673,389.53881347811955,49999971.53577289,390.81707659970067,390.81707659970067
B,433.2101978007176,409.5056987259613,49999960.0416773,352.81820901494916,352.81820901494916
R,428.015837359302,399.94114826674655,49999971.57464867,360.7688314414478,360.7688314414478
G,423.2214810209673,389.53881347811955,49999971.53577289,390.81707659970067,390.81707659970067
B,433.2101978007176,409.5056987259613,49999960.0416773,352.81820901494916,352.81820901494916
R,428.015837359302,399.94114826674655,49999971.57464867,360.7688314414478,360.7688314414478
G,423.2214810209673,389.53881347811955,49999971.53577289,390.81707659970067,390.81707659970067
B,433.2101978007176,409.5056987259613,49999960.0416773,352.81820901494916,352.81820901494916
R,428.015837359302,399.94114826674655,49999971.57464867,360.7688314414478,360.7688314414478
G,423.2214810209673,389.53881347811955,49999971.53577289,390.81707659970067,390.81707659970067
B,433.2101978007176,409.5056987259613,49999960.0416773,352.81820901494916,352.81820901494916
R,428.015837359302,399.94114826674655,49999971.57464867,360.7688314414478,360.7688314414478
G,423.2214810209673,389.53881347811955,49999971.53577289,390.81707659970067,390.81707659970067
B,433.2101978007176,409.5056987259613,49999960.0416773,352.81820901494916,352.81820901494916
R,428.01607965289816,399.9408151904641,49999971.57464867,360.7684722650755,360.7684722650755
G,422.466990816225,392.04224633424445,49999970.286274195,397.2442206221304,397.2442206221304
B,432.289881120923,411.8739824349396,49999959.2972123,357.62956688607045,357.62956688607045
G,422.4671522193564,392.041970957321,49999970.286274195,397.24401675074813,397.24401675074813
R,427.3137419379254,401.8428712172074,49999970.77497268,363.59212794376174,363.59212794376174
B,431.52414877355784,413.81228159975853,49999958.06325671,363.5126793170549,363.5126793170549
R,426.6496053901948,403.1587962359885,49999970.77497268,364.62993645259735,364.62993645259735
G,421.8525053187624,393.2276929091677,49999970.286274195,398.3926070146138,398.3926070146138
B,430.7140209388368,414.9739488539537,49999958.06325671,364.5117871928933,364.5117871928933
G,421.8526667275769,393.2274172906073,49999970.286274195,398.39240379605593,398.39240379605593
R,425.9472877374428,405.0608121382903,49999969.97529668,367.4544413687338,367.4544413687338
B,429.94828524265296,416.91225471640996,49999956.82930112,370.39489754668745,370.39489754668745
R,425.9475866196576,405.06035620634134,49999969.97529668,367.45194209889524,367.45194209889524
G,420.61941480009733,397.3102205236932,49999970.286274195,401.37563447201006,401.37563447201006
B,429.1534985173184,419.9600992549656,49999955.58844963,371.4062437318125,371.4062437318125
R,425.94788427802445,405.0598991803658,49999969.97529668,367.4494407779539,367.4494407779539
G,419.3861594263393,401.3930237904531,49999970.286274195,404.35887540290645,404.35887540290645
B,428.3587123308038,423.007937970164,49999954.347598135,372.4175559186093,372.4175559186093
R,425.94818193606216,405.05944215035964,49999969.97529668,367.4469394264705,367.4469394264705
G,418.92208417681184,404.1157514917921,49999969.308824785,403.6812783795714,403.6812783795714
B,427.30092362946135,425.0233164292725,49999953.35491774,374.6840272057058,374.6840272057058
G,418.9222481413702,404.1154687960036,49999969.308824785,403.68107668000187,403.68107668000187
R,425.24588167392136,406.96142327143906,49999969.17562069,370.2719498341881,370.2719498341881
B,426.53518827906504,426.9616216001537,49999952.12096215,380.5672162191339,380.5672162191339
R,425.2462168209754,406.9608941887562,49999969.17562069,370.26821488574234,370.26821488574234
G,417.68898490902495,408.19826902770495,49999969.308824785,406.66433943781107,406.66433943781107
B,425.74039875950626,430.00946070993336,49999950.88011066,381.578495280574,381.578495280574
R,424.9991797474791,406.6208667812557,49999969.17562069,370.44990944978764,370.44990944978764
G,416.1474362342771,409.3871610481946,49999968.39978043,409.3034668871598,409.3034668871598
B,425.7392570689088,432.6043857487153,49999949.38056548,381.5883192036006,381.5883192036006
R,424.9995047904135,406.6203507743135,49999969.17562069,370.44647430248096,370.44647430248096
G,415.14216161886094,410.87807757362475,49999967.039116345,413.9304406162928,413.9304406162928
B,424.4429482245862,433.75895282881123,49999948.44191943,384.463737497206,384.463737497206
R,424.9996947159097,406.6199709213932,49999969.17562069,370.44620181475324,370.44620181475324
G,414.3851488937059,412.7302415053798,49999966.23079315,416.32114235737106,416.32114235737106
B,423.551563402787,435.4648329648385,49999947.21698287,389.4921706597588,389.4921706597588
G,414.3606168504968,412.59928228560636,49999966.23079315,416.1107784997028,416.1107784997028
R,424.7526978332192,408.9767286352976,49999968.300515145,370.89868454759824,370.89868454759824
B,422.48513390451967,437.05563338301624,49999945.90074329,394.39537677710433,394.39537677710433
G,414.3360906385161,412.46833981649326,49999966.23079315,416.30028502092296,416.30028502092296
R,424.0530068359687,411.55790664912985,49999967.47282936,373.3150008136956,373.3150008136956
B,421.231929997782,439.1572188309022,49999944.90579606,397.8724982229764,397.8724982229764
B,421.2321113248551,439.15696242153706,49999944.90579606,397.87219004829,397.87219004829
R,423.02907600853024,414.8757770584994,49999967.47282936,375.12613424845676,375.12613424845676
G,412.9318846361074,415.09895620207016,49999965.49596995,418.1626037786063,418.1626037786063
R,423.02926902265153,414.8753910283289,49999967.47282936,375.12585986991087,375.12585986991087
G,412.1748719300897,416.9511191161737,49999964.687646754,420.5533074475928,420.5533074475928
B,420.34072052460954,440.86285292103173,49999943.6808595,402.90063437637707,402.90063437637707
R,423.02946203663726,414.87500499842963,49999967.47282936,375.12558549146337,375.12558549146337
G,411.4178588777881,418.80328230300887,49999963.87932356,422.9440127114611,422.9440127114611
B,419.44932737489296,442.5687475032408,49999942.45592294,407.9290831187723,407.9290831187723
R,423.02965505048735,414.87461896880154,49999967.47282936,375.12531111311426,375.12531111311426
G,410.66084548059496,420.65544576170333,49999963.07100036,425.33471953905416,425.33471953905416
B,418.55793194197213,444.2746460497737,49999941.23098638,412.95753614613875,412.95753614613875
B,418.2325272166471,443.87292717173636,49999941.23098638,412.9639022018293,412.9639022018293
R,421.7083260121839,416.6992497741956,49999967.001653366,376.9062090124953,376.9062090124953
G,410.0643325446411,423.1993626104155,49999962.084278114,428.4202814976034,428.4202814976034
R,421.6412234826221,416.5715371056504,49999967.001653366,376.79472818497004,376.79472818497004
G,409.4116625337834,425.91099259746716,49999961.11476377,430.9953775185117,430.9953775185117
B,418.2018798726536,447.1973842514665,49999940.25232634,413.1280819976653,413.1280819976653
B,418.2020022705646,447.1971394543967,49999940.25232634,413.1278363955612,413.1278363955612
R,419.7189077493742,418.3835953067513,49999966.74665336,378.50403707522287,378.50403707522287
G,408.48112021712006,428.31570202439246,49999960.21476542,437.2983600736699,437.2983600736699
R,419.71910178704786,418.383207229476,49999966.74665336,378.50376162924056,378.50376162924056
G,407.72410370855056,430.1678696391522,49999959.406442225,439.6890776076267,439.6890776076267
B,417.31060583156625,448.9030396370364,49999939.02738978,418.15629109031596,418.15629109031596
B,417.3107790198418,448.90279593691616,49999939.02738978,418.15599839969,418.15599839969
R,419.111147091135,421.59608341844336,49999966.330688365,378.8423863712388,378.8423863712388
G,406.77333981141936,432.7624720580835,49999958.59811903,442.06093291906546,442.06093291906546
B,417.31092407050454,448.90250582997874,49999939.02738978,418.1557635472734,418.1557635472734
R,416.64193154577083,422.94471467200407,49999965.73951287,380.5684940739207,380.5684940739207
G,406.5065411397171,436.2715695963106,49999957.71898324,442.9115624209059,442.9115624209059
R,416.6421287909184,422.944320179781,49999965.73951287,380.5682161830988,380.5682161830988
G,405.749525444534,438.1237338227646,49999956.91066004,445.3022799603859,445.3022799603859
B,416.41952543919314,450.60840981731485,49999937.80245322,423.18422235536553,423.18422235536553
G,405.74969862924615,438.1234972724528,49999956.91066004,445.301920110747,445.301920110747
R,415.3202487252431,425.3943850343064,49999964.763523266,383.64067446208884,383.64067446208884
B,414.55773491049155,453.2001340504809,49999937.80245322,425.08354268799184,425.08354268799184
G,405.74987181401445,438.1232607211912,49999956.91066004,445.30156026097137,445.30156026097137
R,413.57755866982836,427.75990306074425,49999964.50852327,386.9347277617287,386.9347277617287
B,412.84384090318065,455.9568926415425,49999937.473953225,428.14392551675144,428.14392551675144
B,412.8439960248788,455.9566325974892,49999937.473953225,428.1436477456805,428.1436477456805
R,411.404214670443,430.0005292555049,49999964.50852327,389.82047303013263,389.82047303013263
G,404.86751048184755,440.9617312119275,49999956.05088685,447.36758405900076,447.36758405900076
B,412.84416695012357,455.9563922529562,49999937.473953225,428.14335909763463,428.14335909763463
R,410.79628011330095,433.21343895114705,49999964.09255827,390.15921743826806,390.15921743826806
G,403.91674499449846,443.55633027814065,49999955.24256365,449.7394394348797,449.7394394348797
R,410.7965492212658,433.21311545347316,49999964.09255827,390.1588197759672,390.1588197759672
G,402.62858989133287,444.8854495859556,49999954.26613157,451.8363089386311,451.8363089386311
B,412.8295774664213,458.4955084912423,49999936.48809309,428.21811982775324,428.21811982775324
R,410.80000703406716,433.20627863570587,49999964.09255827,390.3580389785881,390.3580389785881
G,401.5640580667262,447.3404684340895,49999953.77097602,454.9626347459741,454.9626347459741
B,412.68982943693726,461.8543044501096,49999935.5370939,429.15550728114425,429.15550728114425
G,401.5642023177827,447.34018761204413,49999953.77097602,454.962307021112,454.962307021112
R,407.6619282594153,434.1861866991031,49999964.09255827,392.8809304603394,392.8809304603394
B,412.6470274311705,465.9420258840218,49999934.54638833,429.40912045722274,429.40912045722274
G,401.5643465688529,447.3399067899772,49999953.77097602,454.9619792962448,454.9619792962448
R,404.52385848799577,435.1661047200129,49999964.09255827,395.4038436111705,395.4038436111705
B,412.6042270181942,470.0297441323531,49999933.555682756,429.6627334789161,429.6627334789161
R,404.52405673996196,435.16570821415263,49999964.09255827,395.4035634578515,395.4035634578515
G,400.8073302363021,449.1920698783531,49999952.962652825,457.35270111010004,457.35270111010004
B,411.7128312484342,471.7356424943417,49999932.330746196,434.69118558735573,434.69118558735573
B,411.71300023008075,471.73539178106,49999932.330746196,434.6908962044831,434.6908962044831
R,403.08673383718303,438.6589952831069,49999964.09255827,397.8324586047329,397.8324586047329
G,398.37158880460936,451.5173155498459,49999952.962652825,462.1220017884546,462.1220017884546
R,403.0869334038526,438.6585961478399,49999964.09255827,397.83217754734085,397.83217754734085
G,397.6145711295107,453.36948045066435,49999952.15432963,464.51272806353154,464.51272806353154
B,410.82160224746,473.4412939996624,49999931.10580964,439.7193524993293,439.7193524993293
R,403.0871329703576,438.658197012902,49999964.09255827,397.8318964900699,397.8318964900699
G,396.85755313432537,455.2216456095624,49999951.34600643,466.9034554782815,466.9034554782815
B,409.93020211262,475.1471999661377,49999929.88087308,444.74781286111784,444.74781286111784
B,409.93031971610543,475.14696475897546,49999929.88087308,444.7475768459095,444.7475768459095
R,402.25711841364557,441.1199671510167,49999963.48373543,399.545462987616,399.545462987616
G,395.724486681986,457.00228218790767,49999950.39500724,471.9588264036626,471.9588264036626
B,409.9305376514272,475.14673877871854,49999929.88087308,444.74738866278466,444.74738866278466
R,401.1297275312652,444.1799874066678,49999963.04255993,404.01997317482426,404.01997317482426
G,394.5272780581963,459.45667324935874,49999949.81150724,476.0851821106347,476.0851821106347
R,400.4648361029442,445.35686068486115,49999963.04255993,405.37442384874464,405.37442384874464
G,393.7059087772442,460.4811297362808,49999949.81150724,477.46118503203496,477.46118503203496
B,409.4142693752554,476.470488663285,49999929.727932125,446.674256112105,446.674256112105
G,393.681389959336,460.3502232343251,49999949.81150724,477.6507248611208,477.6507248611208
R,399.5057986433518,447.6744596117084,49999962.10219864,409.4135599090468,409.4135599090468
B,408.65205533721956,479.01059909649535,49999928.73298489,450.3956145395453,450.3956145395453
R,399.5059959666442,447.67406496319563,49999962.10219864,409.4132803563439,409.4132803563439
G,392.92436885093633,462.20239328216894,49999949.00318404,480.04146144623326,480.04146144623326
B,407.76065163599077,480.71651119942624,49999927.50804833,455.42408149462574,455.42408149462574
G,392.8998288289933,462.0714407710129,49999949.00318404,479.83110597145685,479.83110597145685
R,399.25900648171415,450.0308078815791,49999961.22709309,409.8657560242447,409.8657560242447
B,406.69420378097493,482.30734266970586,49999926.19180875,460.3273204247757,460.3273204247757
G,392.8752888688107,461.9404881629581,49999949.00318404,479.620750383422,479.620750383422
R,399.012018824953,452.38754714362483,49999960.35198755,410.3182305822912,410.3182305822912
B,405.6277540371801,483.89817742268707,49999924.87556917,465.230562913997,465.230562913997
R,399.01221985055395,452.38714509049487,49999960.35198755,410.3179488384902,410.3179488384902
G,392.11826757598465,463.7926582546021,49999948.194860846,482.0114876956632,482.0114876956632
B,404.7363446060228,485.60409948278385,49999923.65063261,470.25904066492376,470.25904066492376
B,404.73645404402913,485.6038806051717,49999923.65063261,470.2587985854244,470.2587985854244
R,395.9610412379359,453.82871382721294,49999960.35198755,412.879748845828,412.879748845828
G,390.6154244870831,466.8783863770019,49999948.194860846,486.36612697649656,486.36612697649656
B,404.73659867331,485.603638244903,49999923.65063261,470.2585394994425,470.2585394994425
R,395.39276381196925,456.64447143812765,49999959.440867,415.473784027613,415.473784027613
G,389.0649248082069,468.4496976334007,49999947.55991085,490.4077808292281,490.4077808292281
R,395.39296504138116,456.64406897737587,49999959.440867,415.473501543852,415.473501543852
G,388.3079014973786,470.3018705093347,49999946.75158765,492.7985242936964,492.7985242936964
B,403.8451873902372,487.3095635173437,49999922.42569605,475.28702073126635,475.28702073126635
R,395.3931662706151,456.64366651698003,49999959.440867,415.47321906022717,415.47321906022717
G,387.55087789117255,472.15404361687445,49999945.943264455,495.1892687313321,495.1892687313321
B,402.9537743016828,489.0154919193271,49999921.20075949,480.3155053532202,480.3155053532202
G,387.5263354281826,472.0230942303727,49999945.943264455,494.97891709679106,494.97891709679106
R,395.1461806916084,459.00040162351684,49999958.565761454,415.92569179721556,415.92569179721556
B,401.8873172981483,490.6063392624088,49999919.88451991,485.2187614828566,485.2187614828566
B,401.79828458463084,490.49311169655823,49999919.88451991,484.93421077915383,484.93421077915383
R,393.4195689508556,460.90130405342,49999958.149796456,418.68839717321634,418.68839717321634
G,386.93106086633486,474.56918179700034,49999944.95654221,494.95136141815897,494.95136141815897
R,393.41977176502843,460.9008984231464,49999958.149796456,418.68811348789814,418.68811348789814
G,386.1740382009245,476.42135210005836,49999944.14821901,497.3421038906791,497.3421038906791
B,400.9068681836869,492.19904583577346,49999918.65958335,489.96270161217467,489.96270161217467
R,393.41997457901505,460.9004927932451,49999958.149796456,418.68782980272096,418.68782980272096
G,385.4170152407426,478.2735226370436,49999943.339895815,499.732847301199,499.732847301199
B,400.015450102647,493.90498288131795,49999917.43464679,494.99119559088376,494.99119559088376
R,393.4201773928155,460.90008716371625,49999958.149796456,418.6875461176848,418.6875461176848
G,384.6599919874819,480.1256934064836,49999942.53157262,502.1235916369162,502.1235916369162
B,399.12403038168776,495.610922761797,49999916.20971023,500.0196926371441,500.0196926371441
R,393.42038020642974,460.89968153455976,49999958.149796456,418.6872624327897,418.6872624327897
G,383.9029684428295,481.97786440690203,49999941.72324942,504.5143368853062,504.5143368853062
B,398.232609059556,497.31686540841304,49999914.98477367,505.0481926756889,505.0481926756889
B,398.2327107094832,497.3166621088287,49999914.98477367,505.0479886951099,505.0479886951099
R,392.3899340945853,463.76522011234846,49999957.73383146,421.40032927045286,421.40032927045286
G,382.58340221935947,484.2357975945175,49999941.243426226,509.2337668269341,509.2337668269341
R,391.72505048882124,464.94207754222845,49999957.73383146,422.7547831854648,422.7547831854648
G,381.76202271928497,485.2602045452395,49999941.243426226,510.609733597076,510.609733597076
B,397.71642336716,498.6404465395261,49999914.83183272,506.97489851593866,506.97489851593866
R,391.72525361363296,464.9416712926822,49999957.73383146,422.7544991539336,422.7544991539336
G,380.6101258529097,487.3511080609897,49999940.838426225,514.1065379120652,514.1065379120652
B,396.72503143070895,500.9401337140703,49999913.46661381,511.83404174727076,511.83404174727076
G,380.61101844242313,487.3510673943705,49999940.838426225,514.106220409067,514.106220409067
R,390.6349429810685,466.798714298864,49999956.906993106,424.48860918024997,424.48860918024997
B,396.1557542245027,503.39269095041305,49999912.481307514,514.7497864093214,514.7497864093214
B,396.15585424975893,503.39249089970906,49999912.481307514,514.7495856852736,514.7495856852736
R,389.8063566789466,469.2139601117614,49999956.29817026,426.51622372886465,426.51622372886465
G,379.47803938496133,489.13156858892063,49999939.88742703,519.1619059284488,519.1619059284488
R,389.80656082687074,469.2135518139852,49999956.29817026,426.5159388322248,426.5159388322248
G,378.7210121126988,490.98374552060596,49999939.079103835,521.5526616008908,521.5526616008908
B,395.2644292980845,505.0984397357985,49999911.256370954,519.7780923498611,519.7780923498611
R,389.80676497459933,469.2131435166,49999956.29817026,426.5156539357356,426.5156539357356
G,377.9639845655343,492.83592266546475,49999938.27078064,523.943418103615,523.943418103615
B,394.37300286555103,506.80439112620377,49999910.031434394,524.8066017766128,524.8066017766128
R,389.1534899235503,470.5196936186981,49999956.29817026,428.0649233256897,428.0649233256897
G,377.15946654577846,493.991535715605,49999938.27078064,525.6781853810833,525.6781853810833
B,393.719636861118,508.1111231350699,49999910.031434394,526.3007063534776,526.3007063534776
B,393.71973287840717,508.11093110052377,49999910.031434394,526.3004933603473,526.3004933603473
R,388.07440506904834,473.9642516702514,49999955.81229403,433.3032977907334,433.3032977907334
G,374.7215585209925,495.86137158877807,49999938.27078064,527.9908281659341,527.9908281659341
R,388.0746153346404,473.9638311368248,49999955.81229403,433.3029908138086,433.3029908138086
G,373.7225656294937,498.00211416339135,49999937.66195779,529.9787638779698,529.9787638779698
B,392.27076706216263,509.8814678617681,49999909.09278835,529.5252456509111,529.5252456509111
R,388.07482560002984,473.9634106038035,49999955.81229403,433.3026838370938,433.3026838370938
G,372.72357282460104,500.1428561419095,49999937.05313495,531.9666994888886,531.9666994888886
B,390.8218006432985,511.65200564217946,49999908.15414231,532.749999021123,532.749999021123
R,388.07503586521665,473.9629900711874,49999955.81229403,433.30237686058905,433.30237686058905
G,371.7245801086554,502.28359751907516,49999936.4443121,533.954634980708,533.954634980708
B,389.37283362748553,513.4225444320591,49999907.21549627,535.9747534607927,535.9747534607927
R,387.4101553835647,475.13984078779816,49999955.81229403,434.6568261903941,434.6568261903941
G,370.9031849166396,503.30791731364155,49999936.4443121,535.3305283923827,535.3305283923827
B,388.85653989956086,514.7463403004753,49999907.06255532,537.9016771667476,537.9016771667476
G,370.7742883043604,503.1302489038799,49999936.4443121,535.1942012360394,535.1942012360394
R,386.7934296027665,478.3333257955811,49999954.93926468,437.2588180176329,437.2588180176329
B,387.847139702717,517.6302622561097,49999906.62137982,540.6383806547209,540.6383806547209
B,387.84726530724333,517.6300525486139,49999906.62137982,540.6381566819674,540.6381566819674
R,385.6998793247197,481.20728080782646,49999954.02814413,439.41382019352534,439.41382019352534
G,369.2035209994136,505.4212276624418,49999936.4443121,537.1148573243468,537.1148573243468
G,369.20368575433565,505.4210092365733,49999936.4443121,537.1145137339878,537.1145137339878
R,384.00446422977416,483.90352798966444,49999953.69964413,443.57903739257347,443.57903739257347
B,386.2794161126991,520.9162791553505,49999906.471379824,545.0174297173592,545.0174297173592
G,369.10059737741136,505.2771943073296,49999936.4443121,537.2389888914242,537.2389888914242
R,382.4029158161003,485.3921618293997,49999953.05303525,445.5319511760061,445.5319511760061
B,385.7671863408632,523.6459236876307,49999905.48208067,547.617796698925,547.617796698925
G,368.98337772778166,505.10197810978866,49999936.4443121,537.1044274778736,537.1044274778736
R,381.78938558550277,487.8007629696789,49999952.06111905,448.7097321062528,448.7097321062528
B,385.7523724589647,526.6569965403504,49999904.48957126,547.661662231367,547.661662231367
G,368.98349701877385,505.10178579128353,49999936.4443121,537.1042465589898,537.1042465589898
R,381.11350559000005,490.1743401657893,49999951.06508011,452.3510970676514,452.3510970676514
B,385.1339349392227,529.0206658639921,49999903.99073441,550.0840409629135,550.0840409629135
B,385.1340602738821,529.0204564268197,49999903.99073441,550.0838171061164,550.0838171061164
R,379.834725001396,494.23684774379547,49999951.06508011,454.92354999334185,454.92354999334185
G,367.11492855709855,507.7825187432723,49999935.87834711,540.551031386691,540.551031386691
R,379.834936039175,494.236425665995,49999951.06508011,454.9232402334021,454.9232402334021
G,366.1159358923507,509.92325847938577,49999935.26952426,542.5389672414211,542.5389672414211
B,383.6850919070311,530.7909972605387,49999903.05208837,553.3085734948298,553.3085734948298
B,383.6851853495129,530.7908103772353,49999903.05208837,553.30836603756,553.30836603756
R,377.9045273748677,496.1772128275493,49999950.81008012,458.7466067856558,458.7466067856558
G,364.6397821355665,512.130746623437,49999934.810701415,545.9875719557015,545.9875719557015
B,383.5959704201935,530.6773861959053,49999903.05208837,553.0235603553109,553.0235603553109
R,374.9376430936531,497.7849140297476,49999950.55508012,461.9288484823503,461.9288484823503
G,363.73259795989577,515.2689676891051,49999934.312363066,546.0473740810547,546.0473740810547
G,363.76987884806147,515.1632686796661,49999934.312363066,545.9516756204998,545.9516756204998
R,373.5877933442356,500.5592303868194,49999950.22658012,464.3400202836149,464.3400202836149
B,382.8019597129308,534.0581723849867,49999902.23347501,556.5220099264369,556.5220099264369
G,363.7700775737228,515.1630855981676,49999934.312363066,545.9513417335992,545.9513417335992
R,372.14258468941074,501.6861649692575,49999949.28879574,466.8773983421,466.8773983421
B,382.2991547053388,536.2372966599698,49999901.234733954,558.9360334219374,558.9360334219374
R,371.4777046184978,502.8630141329474,49999949.28879574,468.2318570469774,468.2318570469774
G,363.03447402851015,516.2246361379638,49999934.312363066,547.4357053140101,547.4357053140101
B,381.78285927943654,537.5610953411782,49999901.081793,560.8629602877497,560.8629602877497
G,363.0717780630012,516.1188711429617,49999934.312363066,547.3399351143863,547.3399351143863
R,370.12785394588303,505.6373304193461,49999948.96029574,470.64302786998024,470.64302786998024
B,380.98884780040174,540.9418830738036,49999900.26317964,564.361411402961,564.361411402961
B,380.98906396539576,540.9416939780399,49999900.26317964,564.361274124907,564.361274124907
R,369.00045842831764,508.8473572749098,49999948.51912024,474.60754320787083,474.60754320787083
G,361.66481614633693,518.4675291690716,49999933.833863065,550.4766256023748,550.4766256023748
R,369.0006679373362,508.84693825463023,49999948.51912024,474.60723113543355,474.60723113543355
G,360.66582410626575,520.6082654879566,49999933.22504022,552.4645600505985,552.4645600505985
B,379.540093820876,542.7122377102284,49999899.3245336,567.5860334977169,567.5860334977169
B,379.5403113032719,542.712049032179,49999899.3245336,567.5858975282383,567.5858975282383
R,367.82285063197537,512.4477209667182,49999948.10315524,479.97626821001575,479.97626821001575
G,359.05074269987404,523.3790994182897,49999933.22504022,554.9998238566016,554.9998238566016
R,367.82305833389194,512.4473055606426,49999948.10315524,479.9759573650218,479.9759573650218
G,358.0517510160793,525.5198340037186,49999932.616217375,556.9877573941869,556.9877573941869
B,378.0913405963546,544.4825937177839,49999898.385887556,570.810657914372,570.810657914372
R,367.8232660356035,512.4468901549769,49999948.10315524,479.9756465202902,479.9756465202902
G,357.05275945283626,527.6605679098872,49999932.00739453,558.9756905991436,558.9756905991436
B,376.6423693321763,546.2531393479854,49999897.447241515,574.035419304511,574.035419304511
G,357.0529589441277,527.6603850075359,49999932.00739453,558.9753561899499,558.9753561899499
R,366.3780211849438,513.5738030719939,49999947.16537086,482.5129402127337,482.5129402127337
B,376.13956229182,548.4322676884973,49999896.44850046,576.449447751983,576.449447751983
R,366.3782519404735,513.5733505079203,49999947.16537086,482.5126400154393,482.5126400154393
G,355.9185236943463,529.7197392473655,49999931.107396185,562.7544340548907,562.7544340548907
B,375.5605354263135,551.0443329802699,49999895.49205139,579.1169700625006,579.1169700625006
G,355.78964617514885,529.5420856959277,49999931.107396185,562.6181091519791,562.6181091519791
R,365.80443425242083,517.182049569032,49999946.20694698,485.03128657109403,485.03128657109403
B,374.03030252240217,553.8723413844533,49999895.49205139,582.2219498858707,582.2219498858707
R,365.8046422860506,517.18163349953,49999946.20694698,485.03097468782335,485.03097468782335
G,354.79065397223343,531.6828201895804,49999930.49857334,564.6060440438592,564.6060440438592
B,372.5813299600647,555.6428891275543,49999894.55340535,585.4467134449053,585.4467134449053
G,354.79080688225196,531.6825721714956,49999930.49857334,564.6057034015963,564.6057034015963
R,363.63808585753253,520.3264724615049,49999946.20694698,488.352915142136,488.352915142136
B,371.6910764978061,559.7262453749796,49999894.55340535,587.1162131838637,587.1162131838637
R,362.97320975953517,521.5033128530245,49999946.20694698,489.7073737777366,489.7073737777366
G,353.94195631165985,532.5836002469091,49999930.49857334,565.8611639299094,565.8611639299094
B,371.1747782429158,561.0500489445726,49999894.4004644,589.0431457841942,589.0431457841942
R,362.30833093658765,522.6801579976943,49999946.20694698,491.0618362436077,491.0618362436077
G,353.0928863612096,533.4836381804581,49999930.49857334,567.115658722487,567.115658722487
B,370.6584797099475,562.3738530073608,49999894.24752345,590.970078978062,590.970078978062
B,370.6587269213406,562.3736613652961,49999894.24752345,590.96995506121,590.96995506121
R,361.18093261262675,525.8901895460638,49999945.76577148,495.02635579301256,495.02635579301256
G,351.7373369855828,535.6863004224374,49999930.02007334,570.2742257451076,570.2742257451076
R,361.18114097444794,525.8897728201789,49999945.76577148,495.0260418461469,495.0260418461469
G,350.73834443113253,537.8270344507484,49999929.411250494,572.2621615444586,572.2621615444586
B,369.2097537337738,564.1442100623993,49999893.30887741,594.1947195362126,594.1947195362126
B,369.2098764246818,564.1440079314405,49999893.30887741,594.1945483124641,594.1945483124641
R,359.86147002025194,527.9697599613628,49999944.94211593,499.89990355470616,499.89990355470616
G,349.63604255931773,539.8801561417878,49999928.7814273,575.8493405055386,575.8493405055386
R,359.19658660623804,529.1466137377928,49999944.94211593,501.25436878919794,501.25436878919794
G,348.8725412769146,540.8161892717982,49999928.7814273,577.2111464024642,577.2111464024642
B,368.6935771226894,565.4678133647293,49999893.15593646,596.1214831625331,596.1214831625331
G,348.87273912015525,540.8160094273462,49999928.7814273,577.2108163430206,577.2108163430206
R,357.7513008886797,530.2734995614404,49999944.00433155,503.79156418674654,503.79156418674654
B,368.19076819603544,567.6469454778365,49999892.157195404,598.5355149693547,598.5355149693547
R,357.75150553009274,530.2730902763717,49999944.00433155,503.79125267898024,503.79125267898024
G,347.8737458925965,542.9567439194965,49999928.17260446,579.1987538444728,579.1987538444728
B,366.7417939146899,569.4174960045111,49999891.21854936,601.7602813726502,601.7602813726502
B,366.7420531091416,569.4173038752498,49999891.21854936,601.7601632274672,601.7601632274672
R,356.62410311050684,533.4831291174931,49999943.56315605,507.7557790644872,507.7557790644872
G,346.5187373912428,545.1578662328178,49999927.694104455,582.3575613976489,582.3575613976489
R,356.2530910134567,534.68348044209,49999943.56315605,508.2384325830741,508.2384325830741
G,345.20378178664737,545.5096289545457,49999927.52782551,583.287927119691,583.287927119691
B,366.55505569780405,570.8972927241241,49999891.05194786,602.6485920363941,602.6485920363941
G,345.31856148833,545.1838621924513,49999927.52782551,582.9509082668997,582.9509082668997
R,354.90323746688006,537.4578058529735,49999943.23465605,510.64961239968324,510.64961239968324
B,365.76104021086553,574.278088472557,49999890.2333345,606.1470511734058,606.1470511734058
R,354.90344355981483,537.4573936648615,49999943.23465605,510.649298214371,510.649298214371
G,344.3195680332848,547.3245962959472,49999926.91900267,584.9388463297732,584.9388463297732
B,364.31206515696607,576.0486402461968,49999889.294688456,609.3718188489992,609.3718188489992
B,364.31218328610896,576.048442629311,49999889.294688456,609.3716072173918,609.3716072173918
R,353.6246511057765,541.5195148889134,49999943.23465605,513.2217317387286,513.2217317387286
G,342.4511181108752,550.005424065256,49999926.35303767,588.3857104004113,588.3857104004113
R,353.62485949102603,541.5190981161717,49999943.23465605,513.2214145732423,513.2214145732423
G,341.4521246284424,552.1461572813485,49999925.744214825,590.3736483825902,590.3736483825902
B,362.8632077137393,577.8189952833199,49999888.356042415,612.5963758312977,612.5963758312977
G,341.5670272880926,551.8200405152289,49999925.744214825,590.0362550475475,590.0362550475475
R,352.2750019708368,544.2934142915545,49999942.90615605,515.632577349427,515.632577349427
B,362.0691911571126,581.199793171129,49999887.53742905,616.0948371120284,616.0948371120284
R,352.2752114249594,544.2929953810667,49999942.90615605,515.632258463152,515.632258463152
G,340.56803395366313,553.9607730525382,49999925.13539198,592.0241925494723,592.0241925494723
B,360.620214763996,582.9703471823477,49999886.59878301,619.3196071422329,619.3196071422329
R,352.2754208788576,544.2925764710278,49999942.90615605,515.6319395772063,515.6319395772063
G,339.5690407661942,556.1015048497433,49999924.526569135,594.0121295501274,594.0121295501274
B,359.17123786404454,584.7409020542143,49999885.66013697,622.544378090096,622.544378090096
R,352.27563033269536,544.2921575625099,49999942.90615605,515.6316206913261,515.6316206913261
G,338.1482730469191,558.3924733811036,49999924.37656914,595.9263359896926,595.9263359896926
B,357.9314618777436,587.2049344360609,49999884.426181376,626.3648553410891,626.3648553410891
R,352.2758397861446,544.2917386533688,49999942.90615605,515.6313018060393,515.6313018060393
G,337.1492803678708,560.5332031716822,49999923.76774629,597.9142713845508,597.9142713845508
B,356.48248391293777,588.9754911086178,49999883.487535335,629.5896282048787,629.5896282048787
B,356.48256976922596,588.9753193970779,49999883.487535335,629.5894372615558,629.5894372615558
R,350.13519311596497,545.7093481206659,49999942.37620605,518.7211259333309,518.7211259333309
G,336.00227940577435,562.762142487149,49999923.2965703,601.8783721237238,601.8783721237238
B,356.4826850126165,588.9751266361965,49999883.487535335,629.5892307729209,629.5892307729209
R,348.85638183486293,549.7714346795192,49999942.37620605,521.2936447572179,521.2936447572179
G,334.13394653072373,565.4430647826579,49999922.730605304,605.3252927525075,605.3252927525075
G,334.0168379632672,565.2679344041359,49999922.730605304,605.1912492245796,605.1912492245796
R,348.24285092012036,552.1800343218267,49999941.384289846,524.4714216801891,524.4714216801891
B,356.4678622521002,591.9862163947444,49999882.495025925,629.633111042373,629.633111042373
G,334.017006204064,565.267715918357,49999922.730605304,605.1908882745075,605.1908882745075
R,345.90459123251276,553.6590204879724,49999940.596967,526.3931253353193,526.3931253353193
B,355.4117854104818,595.430042902641,49999882.24002593,633.062718226876,633.062718226876
R,345.9048021586458,553.6585986334637,49999940.596967,526.3928019862987,526.3928019862987
G,333.0180127656319,567.4084460443904,49999922.12178246,607.1788253951669,607.1788253951669
B,353.9628073894871,597.20059954982,49999881.30137989,636.2874909497318,636.2874909497318
R,345.2399297193167,554.8354298124301,49999940.596967,527.747272331772,527.747272331772
G,332.16854795656974,568.3061777973074,49999922.12178246,608.4311976817546,608.4311976817546
B,353.44650369846977,598.5244126496701,49999881.14843894,638.2144348921546,638.2144348921546
B,353.4465892289588,598.5242415897285,49999881.14843894,638.2142445996823,638.2142445996823
R,343.09929053793365,556.2530493600779,49999940.067017,530.8371085037444,530.8371085037444
G,331.02154645034733,570.5351149001866,49999921.65060647,612.3952984408198,612.3952984408198
G,330.7980993213533,570.2254195236592,49999921.65060647,612.8841429619322,612.8841429619322
R,342.568124343606,558.8294499149724,49999939.09665521,533.4158750332346,533.4158750332346
B,352.85437565443465,601.052597822074,49999880.649253145,640.6422183752156,640.6422183752156
R,342.5683346056548,558.8290293886322,49999939.09665521,533.4155507997093,533.4155507997093
G,329.7991048859133,572.3661509099798,49999921.04178362,614.8720825592015,614.8720825592015
B,351.4053967094315,602.8231560054453,49999879.710607104,643.8669927099537,643.8669927099537
R,341.90346446800663,560.0058556892935,49999939.09665521,534.7700169500624,534.7700169500624
G,328.9496789941241,573.2638844410504,49999921.04178362,616.1244954161674,616.1244954161674
B,350.889092176986,604.1469705869304,49999879.55766615,645.7939384235439,645.7939384235439
G,328.8326361228509,573.0888149899345,49999921.04178362,615.9907448810826,615.9907448810826
R,341.2899329400728,562.4144560131143,49999938.10473901,537.9477943820157,537.9477943820157
B,350.8742682561482,607.1580624664047,49999878.56515674,645.8378205105024,645.8378205105024
B,350.8743540522912,607.1578908697078,49999878.56515674,645.8376299006769,645.8376299006769
R,340.8245036888477,565.6484126610277,49999937.68877401,538.3034079887045,538.3034079887045
G,326.1102236993896,574.071420944126,49999920.29731862,618.7959480490368,618.7959480490368
R,340.15964058589725,566.8252255129315,49999937.68877401,539.6578776114973,539.6578776114973
G,325.26084028526293,574.9691642836451,49999920.29731862,620.048409655637,620.048409655637
B,350.358049882813,608.4817047417457,49999878.41221579,647.7645746867306,647.7645746867306
R,340.159854326512,566.8247980294595,49999937.68877401,539.6575478948495,539.6575478948495
G,324.261845587192,577.1098952441038,49999919.68849578,622.0363497906362,622.0363497906362
B,348.90907056686336,610.2522634665723,49999877.47356975,650.9893495174338,650.9893495174338
G,324.14489418018417,576.9349093217943,49999919.68849578,621.9029991121643,621.9029991121643
R,339.54632618890497,569.2333916628409,49999936.69685781,542.8353163417702,542.8353163417702
B,348.8942465464439,613.2633554489432,49999876.48106034,651.0332316588176,651.0332316588176
R,338.89305403582216,570.5399359690065,49999936.69685781,544.384551764537,544.384551764537
G,323.34037073896303,578.0905341528204,49999919.68849578,623.6377792111955,623.6377792111955
B,348.2408684944763,614.5701115528785,49999876.48106034,652.5273637601072,652.5273637601072
B,348.3136900736352,614.6345103623548,49999876.48106034,652.6804232553579,652.6804232553579
R,335.79794445403445,571.1055391860618,49999936.69685781,546.8125704241369,546.8125704241369
G,322.7841815010863,581.0480454660263,49999918.68917401,626.9059203112115,626.9059203112115
B,348.3138044683744,614.6343187106148,49999876.48106034,652.6802176410927,652.6802176410927
R,334.51912549081527,575.1675501625413,49999936.69685781,549.385112453172,549.385112453172
G,320.9163582996826,583.729387957726,49999918.123209015,630.3529985500635,630.3529985500635
B,348.3139188631245,614.6341270588586,49999876.48106034,652.6800120268123,652.6800120268123
R,333.24029270200066,579.2295533214345,49999936.69685781,551.957723805776,551.957723805776
G,319.0488099047927,586.4109545485865,49999917.55724402,633.8001319831648,633.8001319831648
G,319.15502975464204,586.5029490285832,49999917.55724402,633.9332765438589,633.9332765438589
R,331.8226064040896,582.4449126044192,49999936.25568231,555.4801906592265,555.4801906592265
B,347.11514821516823,617.9986030713854,49999876.48106034,654.9377182329988,654.9377182329988
B,347.1152627637705,617.9984111006916,49999876.48106034,654.9375122210789,654.9375122210789
R,330.5437619418428,586.5069021905966,49999936.25568231,558.052860619822,558.052860619822
G,317.2880295118189,589.1849619884429,49999916.99127902,637.3805033501249,637.3805033501249
R,329.87891512407896,587.6836821138801,49999936.25568231,559.4073443127508,559.4073443127508
G,316.4406613700536,590.0835362741187,49999916.99127902,638.6354904322861,638.6354904322861
B,346.5989585106958,619.322225013635,49999876.32811939,656.8644569352363,656.8644569352363
G,316.49853121161266,589.9939766267709,49999916.99127902,638.5203209174254,638.5203209174254
R,328.8456835964871,590.3680233129035,49999935.75649652,562.1178363290396,562.1178363290396
B,345.5203507610201,621.9620114226759,49999875.57331488,659.2824856643354,659.2824856643354
R,328.84590613097697,590.3675782416811,49999935.75649652,562.1174884958871,562.1174884958871
G,315.4995358412264,592.1347061884001,49999916.382456176,640.5082618188129,640.5082618188129
B,344.0713712655375,623.7325702672546,49999874.63466884,662.5072604443925,662.5072604443925
G,315.55741977460536,592.0451601090573,49999916.382456176,640.3930851827917,640.3930851827917
R,328.4676484145884,593.0614085535656,49999934.67465817,563.4850279576051,563.4850279576051
B,343.92100570986725,626.8339307986736,49999873.64936255,663.5130646753263,663.5130646753263
B,343.92109090670453,626.8337603995867,49999873.64936255,663.5128750953246,663.5128750953246
R,326.4536534513262,595.5606575585739,49999934.67465817,567.8631849413358,567.8631849413358
G,313.47557116716894,594.5235597636872,49999915.96649118,645.8728213838101,645.8728213838101
R,326.45395484282386,595.5603865109839,49999934.67465817,567.8628794065859,567.8628794065859
G,312.97074763548426,597.0893934675601,49999915.03016013,649.6884854684242,649.6884854684242
B,343.1761860516905,629.4956000981647,49999872.89493249,666.7248108412276,666.7248108412276
B,343.29178233296045,629.4716503604874,49999872.89493249,666.7529199288682,666.7529199288682
R,325.3265561575072,598.7704168032427,49999934.233482674,571.8273959565943,571.8273959565943
G,311.6159735783079,599.2898293380283,49999914.55166013,652.8474362919675,652.8474362919675
R,325.3268598201195,598.7701477937736,49999934.233482674,571.8270937273963,571.8270937273963
G,310.7815272681595,600.7211561616379,49999913.582857914,656.1139018329312,656.1139018329312
B,342.77169584562193,631.6499140715196,49999871.91538857,669.4245397870085,669.4245397870085
R,324.66202186451903,599.9469089369971,49999934.233482674,573.1815749229804,573.1815749229804
G,310.0178786640805,601.6563607960915,49999913.582857914,657.4749713233975,657.4749713233975
B,342.2553905458884,632.9737297654258,49999871.76244762,671.3514865606309,671.3514865606309
G,309.9933280200583,601.5254084124332,49999913.582857914,657.2646179686841,657.2646179686841
R,324.41505831984506,602.3035999748683,49999933.35837713,573.6339778799505,573.6339778799505
B,341.1889056123717,634.5646235857788,49999870.44620804,676.2547913738433,676.2547913738433
R,324.4152849328436,602.3031467466287,49999933.35837713,573.6336207207152,573.6336207207152
G,308.99432982273726,603.6661422941714,49999912.97403507,659.252565896939,659.252565896939
B,339.7399239707495,636.3351860218157,49999869.507562,679.4795699541303,679.4795699541303
R,323.7504541475275,603.4798942373754,49999933.35837713,574.9881146381717,574.9881146381717
G,308.23068029412013,604.6013378220771,49999912.97403507,660.6136303620112,660.6136303620112
B,339.223617003718,637.6590047274086,49999869.354621045,681.406520414409,681.406520414409
R,323.5021865968146,603.2918399329309,49999933.35837713,574.7123738487547,574.7123738487547
G,307.2950008933178,606.4783292075366,49999912.06146119,664.6129862199128,664.6129862199128
B,339.2002350910882,640.4407825639539,49999867.8724152,681.4940523932404,681.4940523932404
R,322.83736098704617,604.468577054458,49999933.35837713,576.0668624600391,576.0668624600391
G,306.5308456858804,607.413304536229,49999912.06146119,665.9734117971336,665.9734117971336
B,338.68392841491703,641.7646006960705,49999867.71947425,683.421002098724,683.421002098724
R,322.17253295020396,605.6453189907987,49999933.35837713,577.421357945367,577.421357945367
G,305.76719543419614,608.3484991006225,49999912.06146119,667.3344766488501,667.3344766488501
B,338.1676215010593,643.088419251383,49999867.5665333,685.3479523155627,685.3479523155627
G,305.72203288415085,608.2396680215905,49999912.06146119,667.5137256152175,667.5137256152175
R,321.5590188620385,608.0538840026311,49999932.36646093,580.5990863479878,580.5990863479878
B,338.15279513462434,646.0995155268448,49999866.57402389,685.3918381476467,685.3918381476467
B,338.15290715149547,646.0993276080516,49999866.57402389,685.3916362447811,685.3916362447811
R,320.2801651193476,612.1158282246406,49999932.36646093,583.171804247936,583.171804247936
G,303.97933959579905,611.0226809701371,49999911.49549619,670.9778128101468,670.9778128101468
R,320.2803958241201,612.115366812853,49999932.36646093,583.1714375095439,583.1714375095439
G,302.9803401514523,613.1634159505796,49999910.886673346,672.9657634731685,672.9657634731685
B,336.7039254668524,647.8698899601551,49999865.63537785,688.6164145874308,688.6164145874308
G,302.8952506411853,612.983999510678,49999910.886673346,673.7271151440591,673.7271151440591
R,319.7357942950332,614.6994310479787,49999931.408801235,585.7505331701726,585.7505331701726
B,335.5506745417828,649.8638132018658,49999865.136541,692.7928519864802,692.7928519864802
R,319.0709818636292,615.8761415560524,49999931.408801235,587.1050400377281,587.1050400377281
G,302.1315989983088,613.9191845791306,49999910.886673346,675.0881758181623,675.0881758181623
B,335.0343668724399,651.1876330652035,49999864.98360005,694.7198037421393,694.7198037421393
R,319.0712134011705,615.8756784787271,49999931.408801235,587.1046706763052,587.1046706763052
G,301.1325992200938,616.0599197945288,49999910.2778505,677.0761271786162,677.0761271786162
B,333.585383739759,652.9581978948248,49999864.04495401,697.9445847545765,697.9445847545765
R,319.07144493831805,615.8752154021893,49999931.408801235,587.1043013156632,587.1043013156632
G,300.1335996299516,618.2006541816629,49999909.66902766,679.0640778026662,679.0640778026662
B,332.1364001568766,654.7287634924813,49999863.10630797,701.1693665908848,701.1693665908848
R,319.0716764750719,615.874752326439,49999931.408801235,587.103931955802,587.103931955802
G,299.1346002317966,620.3413877286636,49999909.06020481,681.0520276731073,681.0520276731073
B,330.68741612745134,656.4993298518375,49999862.16766193,704.3941492442814,704.3941492442814
R,318.4068653948572,617.0514600935591,49999931.408801235,588.4584398580982,588.4584398580982
G,298.3707569536143,621.2764704555489,49999909.06020481,682.4128397349934,682.4128397349934
B,330.1711069891224,657.8231523475146,49999862.01472098,706.3211041982993,706.3211041982993
B,330.17121597265276,657.8229696057886,49999862.01472098,706.3209078584813,706.3209078584813
R,317.1280055444676,621.1133899782229,49999931.408801235,591.0311938066302,591.0311938066302
G,296.62862492192426,624.0599593589232,49999908.494239815,685.8774280498599,685.8774280498599
G,296.5437412514844,623.8807344410039,49999908.494239815,686.6391862405167,686.6391862405167
R,316.5834099043785,623.6974443575665,49999930.45114154,593.6102755445323,593.6102755445323
B,329.01796240835387,659.8168972905181,49999861.51588413,710.497348985271,710.497348985271
R,316.58364654771685,623.6969710686471,49999930.45114154,593.6098956283121,593.6098956283121
G,295.5447414481471,626.0214678738978,49999907.88541697,688.6271367389699,688.6271367389699
B,327.5689769906098,661.5874660235636,49999860.57723809,713.7221341964877,713.7221341964877
R,315.6031379416728,624.5318773385422,49999930.45114154,594.7243626676707,594.7243626676707
G,294.8848569525662,627.1989638064098,49999907.72345822,690.012996721764,690.012996721764
B,326.73579109316734,662.7005509261579,49999860.57723809,714.1159357079673,714.1159357079673
B,326.7358911310781,662.7003731799117,49999860.57723809,714.1157209438614,714.1157209438614
R,314.5880593153391,626.7302030676047,49999929.57458266,597.1816863092525,597.1816863092525
G,293.69542728617546,629.0641240775627,49999907.25228223,692.931592843033,692.931592843033
R,313.8874943148274,627.1569831216893,49999929.32642766,598.6388287007242,598.6388287007242
G,293.1561329419644,629.5016899511182,49999906.79568754,694.4800381835317,694.4800381835317
B,326.5644411384074,663.4649460324516,49999860.254643135,713.9236873657724,713.9236873657724
R,313.8874943148274,627.1569831216893,49999929.32642766,598.6388287007242,598.6388287007242
G,293.1561329419644,629.5016899511182,49999906.79568754,694.4800381835317,694.4800381835317
B,326.5644411384074,663.4649460324516,49999860.254643135,713.9236873657724,713.9236873657724
R,313.8874943148274,627.1569831216893,49999929.32642766,598.6388287007242,598.6388287007242
G,293.1561329419644,629.5016899511182,49999906.79568754,694.4800381835317,694.4800381835317
B,326.5644411384074,663.4649460324516,49999860.254643135,713.9236873657724,713.9236873657724
R,313.8874943148274,627.1569831216893,49999929.32642766,598.6388287007242,598.6388287007242
G,293.1561329419644,629.5016899511182,49999906.79568754,694.4800381835317,694.4800381835317
B,326.5644411384074,663.4649460324516,49999860.254643135,713.9236873657724,713.9236873657724
R,313.8874943148274,627.1569831216893,49999929.32642766,598.6388287007242,598.6388287007242
G,293.1561329419644,629.5016899511182,49999906.79568754,694.4800381835317,694.4800381835317
B,326.5644411384074,663.4649460324516,49999860.254643135,713.9236873657724,713.9236873657724
R,313.8874943148274,627.1569831216893,49999929.32642766,598.6388287007242,598.6388287007242
G,293.1561329419644,629.5016899511182,49999906.79568754,694.4800381835317,694.4800381835317
B,326.5644411384074,663.4649460324516,49999860.254643135,713.9236873657724,713.9236873657724
R,313.8874943148274,627.1569831216893,49999929.32642766,598.6388287007242,598.6388287007242
G,293.1561329419644,629.5016899511182,49999906.79568754,694.4800381835317,694.4800381835317
B,326.5644411384074,663.4649460324516,49999860.254643135,713.9236873657724,713.9236873657724
R,313.8874943148274,627.1569831216893,49999929.32642766,598.6388287007242,598.6388287007242
G,293.1561329419644,629.5016899511182,49999906.79568754,694.4800381835317,694.4800381835317
B,326.5644411384074,663.4649460324516,49999860.254643135,713.9236873657724,713.9236873657724
R,313.8877569125026,627.1565598895513,49999929.32642766,598.6383253720511,598.6383253720511
G,292.14627957562215,632.1939845323079,49999905.79922447,698.270660549721,698.270660549721
B,325.57081012548025,666.8663008307743,49999859.83867814,719.4767887578669,719.4767887578669
R,313.88799325209635,627.1560872081212,49999929.32642766,598.6379434231301,598.6379434231301
G,291.14727872941717,634.3347189111093,49999905.19040163,700.2586132325964,700.2586132325964
B,324.12182386913133,668.6368709474672,49999858.900032096,722.7015754115228,722.7015754115228
R,313.29712664507105,627.6714890968999,49999928.902027965,600.2205270730498,600.2205270730498
G,290.0253776358326,635.2549043824556,49999905.19040163,701.7464919473375,701.7464919473375
B,324.06433558473657,669.6765428376202,49999858.42204634,722.9257719613518,722.9257719613518
R,313.29712664507105,627.6714890968999,49999928.902027965,600.2205270730498,600.2205270730498
G,290.0253776358326,635.2549043824556,49999905.19040163,701.7464919473375,701.7464919473375
B,324.06433558473657,669.6765428376202,49999858.42204634,722.9257719613518,722.9257719613518
R,313.29712664507105,627.6714890968999,49999928.902027965,600.2205270730498,600.2205270730498
G,290.0253776358326,635.2549043824556,49999905.19040163,701.7464919473375,701.7464919473375
B,324.06433558473657,669.6765428376202,49999858.42204634,722.9257719613518,722.9257719613518
R,313.29712664507105,627.6714890968999,49999928.902027965,600.2205270730498,600.2205270730498
G,290.0253776358326,635.2549043824556,49999905.19040163,701.7464919473375,701.7464919473375
B,324.06433558473657,669.6765428376202,49999858.42204634,722.9257719613518,722.9257719613518
R,313.29712664507105,627.6714890968999,49999928.902027965,600.2205270730498,600.2205270730498
G,290.0253776358326,635.2549043824556,49999905.19040163,701.7464919473375,701.7464919473375
B,324.06433558473657,669.6765428376202,49999858.42204634,722.9257719613518,722.9257719613518
R,313.29712664507105,627.6714890968999,49999928.902027965,600.2205270730498,600.2205270730498
G,290.0253776358326,635.2549043824556,49999905.19040163,701.7464919473375,701.7464919473375
B,324.06433558473657,669.6765428376202,49999858.42204634,722.9257719613518,722.9257719613518
R,313.29712664507105,627.6714890968999,49999928.902027965,600.2205270730498,600.2205270730498
G,290.0253776358326,635.2549043824556,49999905.19040163,701.7464919473375,701.7464919473375
B,324.06433558473657,669.6765428376202,49999858.42204634,722.9257719613518,722.9257719613518
R,313.29712664507105,627.6714890968999,49999928.902027965,600.2205270730498,600.2205270730498
G,290.0253776358326,635.2549043824556,49999905.19040163,701.7464919473375,701.7464919473375
B,324.06433558473657,669.6765428376202,49999858.42204634,722.9257719613518,722.9257719613518
R,313.29712664507105,627.6714890968999,49999928.902027965,600.2205270730498,600.2205270730498
G,290.0253776358326,635.2549043824556,49999905.19040163,701.7464919473375,701.7464919473375
B,324.06433558473657,669.6765428376202,49999858.42204634,722.9257719613518,722.9257719613518
R,312.6323324255578,628.8481621609876,49999928.902027965,601.5750469986328,601.5750469986328
G,289.26172040034226,636.1900502016807,49999905.19040163,703.107539896898,703.107539896898
B,323.54802454644556,671.0003686987978,49999858.26910539,724.8527309621129,724.8527309621129
G,289.2168208275431,636.0814575696412,49999905.19040163,703.2879495946131,703.2879495946131
R,312.0188257618194,631.2567116852101,49999927.91011176,604.7527525623608,604.7527525623608
B,323.5331940552698,674.0114730332622,49999857.27659598,724.8966239298886,724.8966239298886
G,289.21701846123767,636.0813027471205,49999905.19040163,703.2876857476626,703.2876857476626
R,311.40906239931564,633.1412337644518,49999926.92484285,607.1305595139654,607.1305595139654
B,323.00460029703606,676.1016498016425,49999856.305431254,727.4353720138233,727.4353720138233
R,310.8181926122352,633.6566489951067,49999926.50044315,608.7131561580842,608.7131561580842
R,310.74426711616263,634.3179093186222,49999926.92484285,608.4850817883195,608.4850817883195

G,310.0347764291164,634.5029239907424,49999926.50044315,610.0870304283814,610.0870304283814

B,322.4882893408969,677.4254754547214,49999856.1524903,729.3623306945518,729.3623306945518

R,310.7445015402045,634.3174404682959,49999926.92484285,608.4846991070904,608.4846991070904

G,309.0358487820711,636.6434637295571,49999925.89162031,612.0747459619679,612.0747459619679

B,321.03930264793786,679.1960462056621,49999855.21384426,732.5871179280565,732.5871179280565

B,321.0374728785378,679.0513722857871,49999855.21384426,732.5275395870156,732.5275395870156
R,308.79849425114026,635.5819647663048,49999926.106229484,610.4067450652708,610.4067450652708
G,308.0039177632635,638.8129842532769,49999925.392434515,616.3256429898632,616.3256429898632
B,321.03564308810115,678.9066983891038,49999855.21384426,732.4679612638232,732.4679612638232
R,306.85248599571315,636.8464881182471,49999925.28761612,612.3287883582864,612.3287883582864
G,306.97198545940864,640.9825064426772,49999924.89324872,620.5765403913557,620.5765403913557
B,321.03381327663857,678.7620245156047,49999855.21384426,732.4083829584766,732.4083829584766
R,304.9064767572396,638.1110104981117,49999924.46900275,614.2508289227161,614.2508289227161
G,305.9400518939577,643.152030267022,49999924.39406293,624.8274381658273,624.8274381658273
B,321.03198344416086,678.6173506652826,49999855.21384426,732.348804670973,732.348804670973
R,302.9604665184788,639.3755318790784,49999923.65038939,616.1728666931282,616.1728666931282
G,304.90811708970415,645.3215556964294,49999923.894877136,629.0783363124667,629.0783363124667
B,321.03015359067865,678.4726768381302,49999855.21384426,732.2892264013095,732.2892264013095
R,301.0144552616089,640.6400522334824,49999922.83177602,618.0949016019927,618.0949016019927
G,303.8761810688092,647.4910827018388,49999923.39569134,633.3292348302859,633.3292348302859
B,321.0283237162027,678.32800303414,49999855.21384426,732.2296481494833,732.2296481494833
R,299.06844296820134,641.9045715327771,49999922.01316266,620.016933579589,620.016933579589
G,302.8442438528257,649.6606112549814,49999922.89650555,637.5801337181346,637.5801337181346
B,321.02649382074367,678.1833292533048,49999855.21384426,732.1700699154916,732.1700699154916
R,297.1224296191944,643.1690897474949,49999921.19454929,621.938962553909,621.938962553909
G,301.8123054627206,651.8301413283511,49999922.39731976,641.8310329747142,641.8310329747142
B,321.02466390431226,678.0386554956173,49999855.21384426,732.1104916993315,732.1104916993315
R,295.1764151948648,644.4336068472054,49999920.37593593,623.8609884505541,623.8609884505541
G,300.7803659188968,653.9996728951767,49999921.89813396,646.0819325985907,646.0819325985907
B,321.02283396691917,677.8939817610701,49999855.21384426,732.0509135010003,732.0509135010003
R,293.2303996747977,645.6981228004719,49999919.55732256,625.7830111926265,625.7830111926265
G,299.74842524121374,656.1692059293955,49999921.39894817,650.3328325882068,650.3328325882068
B,321.021004008575,677.749308049656,49999855.21384426,731.9913353204951,731.9913353204951
R,291.28438303785543,646.962637574805,49999918.7387092,627.7050307006143,627.7050307006143
G,298.71648344900706,658.3387404056286,49999920.89976238,654.5837329418923,654.5837329418923
B,321.01917402929047,677.6046343613675,49999855.21384426,731.931757157813,731.931757157813
R,289.33836526214384,648.2271511366134,49999917.92009583,629.6270468922703,629.6270468922703
G,297.6845405611073,660.5082762991567,49999920.400576584,658.8346336578749,658.8346336578749
B,500.0004037109066,249.9992955679865,50000000.0,199.99923005056738,199.99923005056738
R,497.4152494305085,254.1997154733306,49999997.93109274,208.86486708669827,208.86486708669827
G,296.65259659585803,662.6778135858966,49999919.90139079,663.0855347342888,663.0855347342888
R,497.4153808558729,254.19946106996713,49999997.93109274,208.864658916334,208.864658916334
G,295.4793156010606,663.854690256644,49999919.077735245,665.2733986930057,665.2733986930057
B,499.2300776773465,251.74195159942687,49999998.74896106,204.87062229671545,204.87062229671545
B,500.0004037109066,249.9992955679865,50000000.0,199.99923005056738,199.99923005056738
R,497.4152494305085,254.1997154733306,49999997.93109274,208.86486708669827,208.86486708669827
G,497.706184539023,254.79597222344623,49999999.5588245,205.27319679852678,205.27319679852678
